sample_id,source_id,raw_path,relative_path,caption,width,height,sha256,valid,error
coco_36ad1f068347cbdfe44496e0,coco,data/raw_smoke/coco/images/train2017/000000000001.jpg,images/train2017/000000000001.jpg,smoke coco scene 1,128,128,0a5e81a38f601baa8c3715b44d7906a0df54a6f2ad7e5ac4c675e75719e8b972,1,
coco_776627e2b4060728d6239fe8,coco,data/raw_smoke/coco/images/train2017/000000000002.jpg,images/train2017/000000000002.jpg,smoke coco scene 2,128,128,c41924c1ab7b1acade501cbe5a290ebf9ee08552a506a33bfc82bc577f38dd15,1,
coco_b77b79c21a8d19837dcf6536,coco,data/raw_smoke/coco/images/train2017/000000000003.jpg,images/train2017/000000000003.jpg,smoke coco scene 3,128,128,ff708453a9a1034e0761f776e2b61e0aa89c4b79840fd389b0957c37af4d568b,1,
coco_bab41eaba3c9536f5273f454,coco,data/raw_smoke/coco/images/train2017/000000000004.jpg,images/train2017/000000000004.jpg,smoke coco scene 4,128,128,693a29acbb3f05a00325fdb43f490804259a86ff2959c431b8d12f92d60d35b4,1,
coco_dcd4cd5b9af3f351b01d7a2a,coco,data/raw_smoke/coco/images/train2017/000000000005.jpg,images/train2017/000000000005.jpg,smoke coco scene 5,128,128,bbd80597b869475590eabdb7a39a4ac1447737d1b3aba295af5dde772fc98547,1,
coco_b55b89ed79d7c018af83aa8a,coco,data/raw_smoke/coco/images/train2017/000000000006.jpg,images/train2017/000000000006.jpg,smoke coco scene 6,128,128,4d8761ea3fe75e8e001a1b8b1ee29b9676d43f69eae94a04d0417cc5c9fd569a,1,
coco_5820e667f8fa70aaf8da89e8,coco,data/raw_smoke/coco/images/train2017/000000000007.jpg,images/train2017/000000000007.jpg,smoke coco scene 7,128,128,4f6ec103c99322f93f03f3679b7608a715935a2ab5a3cd5cbc892eff6fe0e997,1,
coco_c9801f449b13d644d9dd27fe,coco,data/raw_smoke/coco/images/train2017/000000000008.jpg,images/train2017/000000000008.jpg,smoke coco scene 8,128,128,ac268f92c5dc4212788b5946a4bc3602a16f7dbccafb889179a4334a2b668b52,1,
coco_94641d02c872ab5eb73a48ad,coco,data/raw_smoke/coco/images/train2017/000000000009.jpg,images/train2017/000000000009.jpg,smoke coco scene 9,128,128,9be4fc1be29e70154741fed328c15bdc725f3438a9541033a3f2eb525c98734e,1,
coco_2712c26923726d7f785745d0,coco,data/raw_smoke/coco/images/train2017/000000000010.jpg,images/train2017/000000000010.jpg,smoke coco scene 10,128,128,eed1d976fa10c3f8501e2788b46174d5f1113fa31c732dc264fe107a2fb44c60,1,
coco_927e7ca45c515a31d2e8c54f,coco,data/raw_smoke/coco/images/train2017/000000000011.jpg,images/train2017/000000000011.jpg,smoke coco scene 11,128,128,2c238a96e0a72f3eede74a4fc2567dc6664c9eaef9ea875036b3624781bed1ae,1,
coco_f622e60b91586e8193701471,coco,data/raw_smoke/coco/images/train2017/000000000012.jpg,images/train2017/000000000012.jpg,smoke coco scene 12,128,128,e2b34080fedd4ada8d802842274a5ae665e1e192e1508251fbfad48333fb10c1,1,
coco_a4af2a327151802d2e816f7a,coco,data/raw_smoke/coco/images/train2017/000000000013.jpg,images/train2017/000000000013.jpg,smoke coco scene 13,128,128,7a596822babd6a2e6e238cb0d1e6b01d51a95733ce7b189955ca7e36cb3b30cd,1,
coco_a935c080a19269808ac73afc,coco,data/raw_smoke/coco/images/train2017/000000000014.jpg,images/train2017/000000000014.jpg,smoke coco scene 14,128,128,d8c916391a84ad628670336fb34dd24a914cb814e3b69cc36fc0447afd4af39b,1,
coco_7ed472a5861adad683e19953,coco,data/raw_smoke/coco/images/train2017/000000000015.jpg,images/train2017/000000000015.jpg,smoke coco scene 15,128,128,3b3b4c3de60ff4dce3da0b1b8a05f9e3bcd79daf1980a439ea62e2c627388edf,1,
coco_0dc28a5867c6b734fa6afdbf,coco,data/raw_smoke/coco/images/train2017/000000000016.jpg,images/train2017/000000000016.jpg,smoke coco scene 16,128,128,bc5dbf2ac4ad171937204a189230285d5e280cbd097e1756b92c32ca6b8dc1b6,1,
coco_2775aef6195d80a66f988aa6,coco,data/raw_smoke/coco/images/train2017/000000000017.jpg,images/train2017/000000000017.jpg,smoke coco scene 17,128,128,5b314e534f71c945d8b6a7839c3bd50a676faf26f263bd3a7d7c6dc5e39859ee,1,
coco_a416f57cc09d163c6bd7739a,coco,data/raw_smoke/coco/images/train2017/000000000018.jpg,images/train2017/000000000018.jpg,smoke coco scene 18,128,128,a24aa31a12525b7f66ef27ba3a48aa43cc428f4f352dd74ee4d03d034b60fdb2,1,
coco_39f1682fcc336f8861fb59d4,coco,data/raw_smoke/coco/images/train2017/000000000019.jpg,images/train2017/000000000019.jpg,smoke coco scene 19,128,128,34d4b49c969ac2ed0050db5f917777f9624a7ca00746a45b81d2bd6a75435154,1,
coco_01cd7822c336ab5a7af1ad5f,coco,data/raw_smoke/coco/images/train2017/000000000020.jpg,images/train2017/000000000020.jpg,smoke coco scene 20,128,128,a73b9bf57aa7932fad66b7686122ddb360ebb8c889d68c11d297b1cb85b70b86,1,
coco_c7126760f9c2f9f60f984844,coco,data/raw_smoke/coco/images/train2017/000000000021.jpg,images/train2017/000000000021.jpg,smoke coco scene 21,128,128,c1d7b732f3e98a1909fb42f2ff4a46aa411cdcdfa2e63483b64955ceae23140a,1,
coco_dc84890ff92e95642e0660a8,coco,data/raw_smoke/coco/images/train2017/000000000022.jpg,images/train2017/000000000022.jpg,smoke coco scene 22,128,128,86d65a05e6bdf00dc42b75b8501f675e065b1a29587b8f84acec2d37dbc2fe1c,1,
coco_161533e730ba90dfb163fc5a,coco,data/raw_smoke/coco/images/train2017/000000000023.jpg,images/train2017/000000000023.jpg,smoke coco scene 23,128,128,d79dd1532144d7008501d674fe903b603072eb05cc48fb9307c1f7487bf25794,1,
coco_c6d8c7f7e431ed5ff62a0f30,coco,data/raw_smoke/coco/images/train2017/000000000024.jpg,images/train2017/000000000024.jpg,smoke coco scene 24,128,128,5e80b22ff8486c82bb7d8a73aca0687c4a54b9f076940dadc74d1079310f22b5,1,
coco_a6e5811273a45dfddee3610e,coco,data/raw_smoke/coco/images/train2017/000000000025.jpg,images/train2017/000000000025.jpg,smoke coco scene 25,128,128,3a363958e3a1796135d0d2a2f05b6a8f1e69b24cf677a05b33dbe4cb3212d5e5,1,
coco_ba0f96b4c1756584a19907c2,coco,data/raw_smoke/coco/images/train2017/000000000026.jpg,images/train2017/000000000026.jpg,smoke coco scene 26,128,128,7219a5a11f472dfae112f1eda6a857eea67adc181f532849eb8590264cc77f45,1,
coco_01a25cf6e10cd9656721178a,coco,data/raw_smoke/coco/images/train2017/000000000027.jpg,images/train2017/000000000027.jpg,smoke coco scene 27,128,128,1c2b9efc32c640ccbf03eaa8a812875579fbd338b29d5c46c90e9f637fdbe8c1,1,
coco_f1372472c15898c394474c0e,coco,data/raw_smoke/coco/images/train2017/000000000028.jpg,images/train2017/000000000028.jpg,smoke coco scene 28,128,128,7f473325b460c1f5214fddc06b6f4b32ac187b6205e95fd079c58c2aacdffb7d,1,
coco_12e951d5bd3ddd6b4eaa4c5f,coco,data/raw_smoke/coco/images/train2017/000000000029.jpg,images/train2017/000000000029.jpg,smoke coco scene 29,128,128,f8a1c5c8159072594761b167376c4b58f50c8880a0735f7abf32082726264951,1,
coco_08fe7af157c4e40b77845c01,coco,data/raw_smoke/coco/images/train2017/000000000030.jpg,images/train2017/000000000030.jpg,smoke coco scene 30,128,128,bba37ea1d5005a208e6e9f7ab22cbbbe5d7a7a0f2c501f272d8c53cb7d321330,1,
coco_a93639a7c525ef52f8c2e836,coco,data/raw_smoke/coco/images/train2017/000000000031.jpg,images/train2017/000000000031.jpg,smoke coco scene 31,128,128,57a3fe6ec5fe6f4839d68d0cff21c0cdd5161fc21457895e748537b81b424f67,1,
coco_0bada288db0d691908aba119,coco,data/raw_smoke/coco/images/train2017/000000000032.jpg,images/train2017/000000000032.jpg,smoke coco scene 32,128,128,0a1cd51a8d3e6fd416f77a3b865b362d2d41c44ce087be9500767a2bb314218d,1,
coco_62ec6aa106e785e56debf1a3,coco,data/raw_smoke/coco/images/train2017/000000000033.jpg,images/train2017/000000000033.jpg,smoke coco scene 33,128,128,bb6976fd9c69858c72cdccf18aed23945500d48d2b3e1ca6f9543ad60e00b5f8,1,
coco_e0eaeb0661f64ec95b497005,coco,data/raw_smoke/coco/images/train2017/000000000034.jpg,images/train2017/000000000034.jpg,smoke coco scene 34,128,128,87bbe010c740d5372f0b08586ee1dd32f822c814ac4a1c3bf8e6e19f47587231,1,
coco_6d5569eabf9442354cb89db9,coco,data/raw_smoke/coco/images/train2017/000000000035.jpg,images/train2017/000000000035.jpg,smoke coco scene 35,128,128,389922e84ab36b84492713c6f106a89a5fb5a1a9695c15527bff3716274c572b,1,
coco_6f89fce1c857b710cd1f04c4,coco,data/raw_smoke/coco/images/train2017/000000000036.jpg,images/train2017/000000000036.jpg,smoke coco scene 36,128,128,337de46875bc4050eac80fc31c392dc58509b7cdd3adf9da162f068cf0a60276,1,
coco_3f27f850ccc093b755028bf8,coco,data/raw_smoke/coco/images/train2017/000000000037.jpg,images/train2017/000000000037.jpg,smoke coco scene 37,128,128,46feac28db16c0997ce3238ba270bb3d55527bdb5b82e0f536c84e7e06dc2ec0,1,
coco_bef715a37ff129c248983c84,coco,data/raw_smoke/coco/images/train2017/000000000038.jpg,images/train2017/000000000038.jpg,smoke coco scene 38,128,128,37ff1df8b6275fe37606e76afe919b840590629920be0a8db6ece52e44ae8aba,1,
coco_27359699c55b6e7b83d2f75e,coco,data/raw_smoke/coco/images/train2017/000000000039.jpg,images/train2017/000000000039.jpg,smoke coco scene 39,128,128,f86d3f4c762041113b032246974d6703d046c843f3f72d9b528ca39a3e94ce65,1,
coco_97e59fa42343f25a4493acc2,coco,data/raw_smoke/coco/images/train2017/000000000040.jpg,images/train2017/000000000040.jpg,smoke coco scene 40,128,128,ed14fc1831e6064e6f468724ad73b80fd3e2b43e39bacbe9529bdbe860ab19b5,1,
coco_cf3115f1acd651708a7d6656,coco,data/raw_smoke/coco/images/train2017/000000000041.jpg,images/train2017/000000000041.jpg,smoke coco scene 41,128,128,1ca416ac7576a65fc87f9ff65950603e3da18d71bedb27aebe5b87c8e051cbf7,1,
coco_4b033d9cd02aa5d3f5260252,coco,data/raw_smoke/coco/images/train2017/000000000042.jpg,images/train2017/000000000042.jpg,smoke coco scene 42,128,128,1e436a7e330a3d9449c9123ee83ffa452102c96a6da01f4ded7274f719112db3,1,
coco_dcc965eeb0580a5007c19b07,coco,data/raw_smoke/coco/images/train2017/000000000043.jpg,images/train2017/000000000043.jpg,smoke coco scene 43,128,128,91f5f29fe51bf5f14abfe0a8b82ac3c71257019e120afaeabc30ab3437d626cd,1,
coco_3e1403c378df5b228eebd1b1,coco,data/raw_smoke/coco/images/train2017/000000000044.jpg,images/train2017/000000000044.jpg,smoke coco scene 44,128,128,cb46876e9f3551d2ce996d932c3d9ce23d592a95c8fc9d73ec8d1995d175d683,1,
coco_adee12dbd9b7a94d5db18f9f,coco,data/raw_smoke/coco/images/train2017/000000000045.jpg,images/train2017/000000000045.jpg,smoke coco scene 45,128,128,4120dda6d3a72b1750ecc62fb245090d22792299ca0bf715df5d2337e78481a4,1,
coco_131be7d8c1d088da8a2e5763,coco,data/raw_smoke/coco/images/train2017/000000000046.jpg,images/train2017/000000000046.jpg,smoke coco scene 46,128,128,22fc63b4adf581fb5c84cb5abd5c617093c8bbbefdf3314a5400a1e5ddd7855d,1,
coco_1330ba2658440d52578667cf,coco,data/raw_smoke/coco/images/train2017/000000000047.jpg,images/train2017/000000000047.jpg,smoke coco scene 47,128,128,98e16b0a7bd329317b790a46e2bca4d6005abc856e9864dba47b0e71e710f029,1,
coco_973a543469aff9d8d7b1f058,coco,data/raw_smoke/coco/images/train2017/000000000048.jpg,images/train2017/000000000048.jpg,smoke coco scene 48,128,128,ee3eb33e2d6f03510bcf5985ac82445e7a8be8467538017cfe8b0a1351b61692,1,
coco_82e6e10c5fdc5023f822d4b4,coco,data/raw_smoke/coco/images/train2017/000000000049.jpg,images/train2017/000000000049.jpg,smoke coco scene 49,128,128,0afffb7c7fbde3f2836200f126c8d260f09c69cdc4c0617decffe47d5ee38039,1,
coco_0e627aa8da01e44ff2ae3479,coco,data/raw_smoke/coco/images/train2017/000000000050.jpg,images/train2017/000000000050.jpg,smoke coco scene 50,128,128,50117fedc1155d10b34a9139988814020f8117d79ed651230b06b656227904f6,1,
coco_0189f7e95ab4c57a26bc8fcb,coco,data/raw_smoke/coco/images/train2017/000000000051.jpg,images/train2017/000000000051.jpg,smoke coco scene 51,128,128,ad3bd24a0d1a86b5dac764a2ced12468de37386ff597281ce6b8b90ab1701b2e,1,
coco_313f47c76fe78cb2578eae66,coco,data/raw_smoke/coco/images/train2017/000000000052.jpg,images/train2017/000000000052.jpg,smoke coco scene 52,128,128,f843e920d6b041b204d204d26f5edd2df71cc13be2e167fe6ba49d848bc61f5a,1,
coco_9cf60b5caa532400c3060b32,coco,data/raw_smoke/coco/images/train2017/000000000053.jpg,images/train2017/000000000053.jpg,smoke coco scene 53,128,128,1c8d535341215053878188f1a485317e4749b6e36ef69bb4b49c9b1850d08807,1,
coco_6e938d5762fdd00f8b521c21,coco,data/raw_smoke/coco/images/train2017/000000000054.jpg,images/train2017/000000000054.jpg,smoke coco scene 54,128,128,ece37c7e494153221dc5ba41ae7be7df45939876e4f43ef4063b3ef8b43fa8ed,1,
coco_292e7db1e04e7053ae7cbd07,coco,data/raw_smoke/coco/images/train2017/000000000055.jpg,images/train2017/000000000055.jpg,smoke coco scene 55,128,128,00bde6a7dd2951786bfc9b9414d53f8f9950d693e5684bb800d585ddc8667723,1,
coco_3419c47f67dcfaeb7a78d960,coco,data/raw_smoke/coco/images/train2017/000000000056.jpg,images/train2017/000000000056.jpg,smoke coco scene 56,128,128,ef74b5ffbca8da86e6443643803438690104cab40fca874cf0904d8f4eda87cb,1,
coco_bec44592ae2753faab598438,coco,data/raw_smoke/coco/images/train2017/000000000057.jpg,images/train2017/000000000057.jpg,smoke coco scene 57,128,128,fc4b63afc0fd20fb8d6495bd387a619a3dc2d9b24b958125d1fee55c2ed09008,1,
coco_bebdc57a2e777376332e4e01,coco,data/raw_smoke/coco/images/train2017/000000000058.jpg,images/train2017/000000000058.jpg,smoke coco scene 58,128,128,de1c9ef247e053f9b1ce980f0efe4154d828f1c0024c7451a04dffd63e628fce,1,
coco_01568e48b46c627a7a9389f4,coco,data/raw_smoke/coco/images/train2017/000000000059.jpg,images/train2017/000000000059.jpg,smoke coco scene 59,128,128,54e830b37117afbf7164a2c8a1d22913c2d08abc5a2010f77d12500d3cdcde8b,1,
coco_d9aedefc314a31ebf27a4273,coco,data/raw_smoke/coco/images/train2017/000000000060.jpg,images/train2017/000000000060.jpg,smoke coco scene 60,128,128,112d831751aecb77f368bdef09c32ae941ab7f15d487ddb7870838b89f61ede4,1,
coco_f22a3f1e2cbabde165968705,coco,data/raw_smoke/coco/images/train2017/000000000061.jpg,images/train2017/000000000061.jpg,smoke coco scene 61,128,128,1ae775294d9b22858665d3bb679dc474adf48b09820459e3bd8bd4f45ec4e9b2,1,
coco_7954570a48fe2331d9d388cf,coco,data/raw_smoke/coco/images/train2017/000000000062.jpg,images/train2017/000000000062.jpg,smoke coco scene 62,128,128,549cf6ff61a84df5c0662ead3b9c0162b06b031c004a6c76abdfe07db373d401,1,
coco_2b4650c4108c6ee161b6d8c5,coco,data/raw_smoke/coco/images/train2017/000000000063.jpg,images/train2017/000000000063.jpg,smoke coco scene 63,128,128,2b783d04ebcc9dfae97d1e7ab2458d429d7be7b50570590f88ece08ded93d592,1,
coco_a7bd62ab856d79963dca31b0,coco,data/raw_smoke/coco/images/train2017/000000000064.jpg,images/train2017/000000000064.jpg,smoke coco scene 64,128,128,7ee7b70338fb8809dab5b35bc6ea0968500785513cc5057316a9d3d2e5a5fae4,1,
coco_13e694af2c447435ada21b92,coco,data/raw_smoke/coco/images/train2017/000000000065.jpg,images/train2017/000000000065.jpg,smoke coco scene 65,128,128,7cd42142a6554153593ab00e5e90c63cf731d4ecb0fc4db04f1fce970a2373b8,1,
coco_4da3011156d8c21fe66ae3f5,coco,data/raw_smoke/coco/images/train2017/000000000066.jpg,images/train2017/000000000066.jpg,smoke coco scene 66,128,128,563db896f901575b41399057e62af48b7daf2922fa23e99b525d50ce1f49497e,1,
coco_5aae0f1eafec3a28cbb0ad13,coco,data/raw_smoke/coco/images/train2017/000000000067.jpg,images/train2017/000000000067.jpg,smoke coco scene 67,128,128,909c7bc1d3dac1a517810549ae4aedb0aaf93a04e43bc149fedff793f43c1a30,1,
coco_7f4b705470f4b973e2805eec,coco,data/raw_smoke/coco/images/train2017/000000000068.jpg,images/train2017/000000000068.jpg,smoke coco scene 68,128,128,0d81eca547774f8e90d935534a7a33455dfe3c8a1e2a2c6f3f843a79c04bcffa,1,
coco_c180aa588126ac51403b5a09,coco,data/raw_smoke/coco/images/train2017/000000000069.jpg,images/train2017/000000000069.jpg,smoke coco scene 69,128,128,653b416e4d5ccae008e158866210ed0718657359c03d02c0a668d5f247af0554,1,
coco_1f270c080111761b585e41a2,coco,data/raw_smoke/coco/images/train2017/000000000070.jpg,images/train2017/000000000070.jpg,smoke coco scene 70,128,128,bf9527e3f88660ed505791e82b43dacd75222260e2911d7830d05fdaccf2ea4c,1,
coco_0fed0734c0211421787dacfa,coco,data/raw_smoke/coco/images/train2017/000000000071.jpg,images/train2017/000000000071.jpg,smoke coco scene 71,128,128,39d6eb9697d5acfe09c50911310f25a36e31fef958d01914594545d80c5f0c20,1,
coco_bba40d21706c5fe3cca245f9,coco,data/raw_smoke/coco/images/train2017/000000000072.jpg,images/train2017/000000000072.jpg,smoke coco scene 72,128,128,6e8ede9efbdecfb0e2530033faf7098efa8ec1157829044aeec1283d2ec33c56,1,
coco_fb97d33f3c3fcbe5ef4b98b2,coco,data/raw_smoke/coco/images/train2017/000000000073.jpg,images/train2017/000000000073.jpg,smoke coco scene 73,128,128,31cc0d1cef595ad8896107581cd2329482f56082229af5f4fa2e1c05a8117412,1,
coco_aa5b2f9286530e464aaea4c0,coco,data/raw_smoke/coco/images/train2017/000000000074.jpg,images/train2017/000000000074.jpg,smoke coco scene 74,128,128,baec5eb8de451a0bd74ba05d737f07d1f597fb4b1fb1d1a0bf8dee1fe722ea35,1,
coco_a8ae564cebe5018005ced088,coco,data/raw_smoke/coco/images/train2017/000000000075.jpg,images/train2017/000000000075.jpg,smoke coco scene 75,128,128,98df539718e289b127af60cd7159004386b03d38719da23feeb6d7b30a65a1fb,1,
coco_65d2cad942c2c531cd0ba26c,coco,data/raw_smoke/coco/images/train2017/000000000076.jpg,images/train2017/000000000076.jpg,smoke coco scene 76,128,128,d326901457b951d83f56517cadd0c915fe30a6093b4279ea94db8182cb6c16c1,1,
coco_9a396225d9e9f872e6a38bea,coco,data/raw_smoke/coco/images/train2017/000000000077.jpg,images/train2017/000000000077.jpg,smoke coco scene 77,128,128,ce38d51c1c0d23282bda1d7391976b6b9e3a5a9a492c1f9e7875e61cca82d778,1,
coco_38f8cdf8c9bdfcaa2cda6798,coco,data/raw_smoke/coco/images/train2017/000000000078.jpg,images/train2017/000000000078.jpg,smoke coco scene 78,128,128,2a84d3960e8638072e1f5270b39d84214e74e0c05fe6bb80f8b4c5d5c48245c3,1,
coco_e993dd9ac7764fb795ae4afd,coco,data/raw_smoke/coco/images/train2017/000000000079.jpg,images/train2017/000000000079.jpg,smoke coco scene 79,128,128,70ce162a8bd6c89972e84908f25ca5e53291d07f63e76d4aa04884257b08e259,1,
coco_7a9b0f896b09488cf341a161,coco,data/raw_smoke/coco/images/train2017/000000000080.jpg,images/train2017/000000000080.jpg,smoke coco scene 80,128,128,4b11bdd720fca96e19c096ef03a1200ef77ceeeaa5827a66cf5f876394e86569,1,
coco_f71a82177f845e3deaf0ae71,coco,data/raw_smoke/coco/images/train2017/000000000081.jpg,images/train2017/000000000081.jpg,smoke coco scene 81,128,128,97fbaff32b9da4367a1a762cde7992ffa0aa03b19dc73163a14bf1db64f4da37,1,
coco_93f5a8f2e7166464ddf485cb,coco,data/raw_smoke/coco/images/train2017/000000000082.jpg,images/train2017/000000000082.jpg,smoke coco scene 82,128,128,60ac38e26d870854c0134c3ccf385c27ffbd4f44066d6f808f610a5d503f3959,1,
coco_a9a21bfd71b8b3c55a6e0af0,coco,data/raw_smoke/coco/images/train2017/000000000083.jpg,images/train2017/000000000083.jpg,smoke coco scene 83,128,128,54b32b447be5bd300cca09b5a2af2f1ff0f40753277d5f421071a4b4bb4e6f16,1,
coco_334e8645b6492e488d03b509,coco,data/raw_smoke/coco/images/train2017/000000000084.jpg,images/train2017/000000000084.jpg,smoke coco scene 84,128,128,377366f12bed72be761b4f256549b8d4ddaf25e021208775cc20a5051929feee,1,
coco_85fc142507d5da667a0dfcd6,coco,data/raw_smoke/coco/images/train2017/000000000085.jpg,images/train2017/000000000085.jpg,smoke coco scene 85,128,128,10f27d2e9cabd7d30aa8c8f827288960114b3cdf27fd159d41ae1bb3e3ce7d6f,1,
coco_fe086d033e05de9d95b631c7,coco,data/raw_smoke/coco/images/train2017/000000000086.jpg,images/train2017/000000000086.jpg,smoke coco scene 86,128,128,054c5582a2898ef27e45ce093ba66353d2eec22d5402cfda96cd3444876b1085,1,
coco_52e63767b479b9b8e19bcf6d,coco,data/raw_smoke/coco/images/train2017/000000000087.jpg,images/train2017/000000000087.jpg,smoke coco scene 87,128,128,a126b4684a89cd0b23ec7ceacaa0540f77d9b1113f22dc77e76733e8adb35c72,1,
coco_bb30ae08c99cace0b25e12fe,coco,data/raw_smoke/coco/images/train2017/000000000088.jpg,images/train2017/000000000088.jpg,smoke coco scene 88,128,128,af65581f00c77097342fc713e7286a14ba2a8247cbdfe9ee0bb8fa8a34df3df2,1,
coco_5164d320dbe09b115e2c4596,coco,data/raw_smoke/coco/images/train2017/000000000089.jpg,images/train2017/000000000089.jpg,smoke coco scene 89,128,128,e5422cf9201114806ef128e5096cafecdfb7697bb64a743f07bc7a1018e165fb,1,
coco_5f6db3a941def9932cc239ec,coco,data/raw_smoke/coco/images/train2017/000000000090.jpg,images/train2017/000000000090.jpg,smoke coco scene 90,128,128,e990207b988d385ebf27ba97c5ec108a0a3d04484e5296e46abf1910e544eea7,1,
coco_84ae5b76ea93caa3a9757522,coco,data/raw_smoke/coco/images/train2017/000000000091.jpg,images/train2017/000000000091.jpg,smoke coco scene 91,128,128,2b427f05b5038066e49b6ad959639a520156cb59428e2fdf294bc347e032bacb,1,
coco_05179233df154d86d3025191,coco,data/raw_smoke/coco/images/train2017/000000000092.jpg,images/train2017/000000000092.jpg,smoke coco scene 92,128,128,43e5539a47fdb89311d14bb7d84ca1f7eec2e705c36400fcd9ddaba1c90d6b34,1,
coco_ed5bdb795d1a2b5d9c6b7e3d,coco,data/raw_smoke/coco/images/train2017/000000000093.jpg,images/train2017/000000000093.jpg,smoke coco scene 93,128,128,0ba9aac9cda5b845515108b3b91fe642b0d63ff5621ba10ab690b42f16f5f3e9,1,
coco_7b4cbabcff890a586746feb6,coco,data/raw_smoke/coco/images/train2017/000000000094.jpg,images/train2017/000000000094.jpg,smoke coco scene 94,128,128,76cd2bf0f2689ef78063ff7a5b75f2c267df01005146a36e3de878539e4eaace,1,
coco_7ffbe2f02310fed609d13e79,coco,data/raw_smoke/coco/images/train2017/000000000095.jpg,images/train2017/000000000095.jpg,smoke coco scene 95,128,128,e04f2dc859d3f7e2910ed05822172fa8c8403f2253de9d13edc35e929925cef7,1,
coco_e6490a1701bcf6ce9479f844,coco,data/raw_smoke/coco/images/train2017/000000000096.jpg,images/train2017/000000000096.jpg,smoke coco scene 96,128,128,fb6cd601e4a25dc56f372a6cc829c7d82e387278d4f2e53965d48599959a712e,1,
coco_5d1eadbb83c60c24a94e29a8,coco,data/raw_smoke/coco/images/train2017/000000000097.jpg,images/train2017/000000000097.jpg,smoke coco scene 97,128,128,64314c23fc25ff56d4bd7a3db1d3c9f3b4cd91e1c8f8b02f8e4cc677c20098b9,1,
coco_3ccebf5681c64b8bc52cf323,coco,data/raw_smoke/coco/images/train2017/000000000098.jpg,images/train2017/000000000098.jpg,smoke coco scene 98,128,128,f61b72a5b0149872c88b9bd8e7c5ee0909a43a5f3c5da87d73b2454bc2754691,1,
coco_18e6a462475cab6e957de35a,coco,data/raw_smoke/coco/images/train2017/000000000099.jpg,images/train2017/000000000099.jpg,smoke coco scene 99,128,128,a8426d9070ffa1824a8c1866ca0007fc0513c8e4d6e17f7c9ce185a993c8c79a,1,
coco_e4425e9e03da57d11c5c580b,coco,data/raw_smoke/coco/images/train2017/000000000100.jpg,images/train2017/000000000100.jpg,smoke coco scene 100,128,128,e5c58cea3b9ada6974332fb84b26bfa14fd9845cc80521f4f30217725671bec8,1,
coco_6f54fee10201464f77ec6a70,coco,data/raw_smoke/coco/images/train2017/000000000101.jpg,images/train2017/000000000101.jpg,smoke coco scene 101,128,128,9a0a491339cd9b6113ff5c8e0a1a7c941765dd1a31f363ce3ed8c18e41dfb628,1,
coco_79c1a1a7728730644b171f06,coco,data/raw_smoke/coco/images/train2017/000000000102.jpg,images/train2017/000000000102.jpg,smoke coco scene 102,128,128,f085f7e8073e13d74969883a32287449cfaccbda60e05891a6c13f15a7a00724,1,
coco_2b1b339cd9b0529aee89a16a,coco,data/raw_smoke/coco/images/train2017/000000000103.jpg,images/train2017/000000000103.jpg,smoke coco scene 103,128,128,274b07938bb03e93150cc8b0c883a2af1758fddf2e4b561065574184d11b9a95,1,
coco_49f26c4651768574c11445f6,coco,data/raw_smoke/coco/images/train2017/000000000104.jpg,images/train2017/000000000104.jpg,smoke coco scene 104,128,128,a929fd312e45174595e9a938fd11d0cf6c9f08f0ec0ee8702233dfba732ba94c,1,
coco_6a20f29d8fe50674ddcc50df,coco,data/raw_smoke/coco/images/train2017/000000000105.jpg,images/train2017/000000000105.jpg,smoke coco scene 105,128,128,37f1ae08817a8ceb0dd32e484970f655a960f9694b48b85bef2e39cd37674470,1,
coco_53b7e8b71f3bf1491b923ee6,coco,data/raw_smoke/coco/images/train2017/000000000106.jpg,images/train2017/000000000106.jpg,smoke coco scene 106,128,128,4b88a994df7f286bba8c61498fc2f3840423482a06b18d62c8e38393a38e3791,1,
coco_1994078b6e3a9d7e2c722120,coco,data/raw_smoke/coco/images/train2017/000000000107.jpg,images/train2017/000000000107.jpg,smoke coco scene 107,128,128,e1f347148f7d654bac3f6002deff2c78e7206228c970c025d688a65319291cd4,1,
coco_181762627d5dfc65f5525ed6,coco,data/raw_smoke/coco/images/train2017/000000000108.jpg,images/train2017/000000000108.jpg,smoke coco scene 108,128,128,7a4777f678e027cfbddf3af0b7d31f1543031b1f1db425ec8d0716194ddad0e1,1,
coco_264f693870f957bd1e3fd0c4,coco,data/raw_smoke/coco/images/train2017/000000000109.jpg,images/train2017/000000000109.jpg,smoke coco scene 109,128,128,9f26d2dbffa5a5d74e9c37112f7e3b4fed09b60eb1a2a1ae6d17bcbd45e72573,1,
coco_4a3e415566cddfc61daa17d5,coco,data/raw_smoke/coco/images/train2017/000000000110.jpg,images/train2017/000000000110.jpg,smoke coco scene 110,128,128,280a285ff504df74385d2870fcd72f5969c7b30ecd68e5d2e7b56b31ba1c1d3c,1,
coco_2881dc0b829dace9d2762672,coco,data/raw_smoke/coco/images/train2017/000000000111.jpg,images/train2017/000000000111.jpg,smoke coco scene 111,128,128,3a4141c3e5157fa8c67d808b6a5bbce1a18befee2de699f22308d57c3f41e42f,1,
coco_9e4ff9639c566fd37669d773,coco,data/raw_smoke/coco/images/train2017/000000000112.jpg,images/train2017/000000000112.jpg,smoke coco scene 112,128,128,db1451f7680071cabcf4145e82625d9b9b5646cc251cd4742eee424f7722f65a,1,
coco_a3094a82cf8ca30015a48e81,coco,data/raw_smoke/coco/images/train2017/000000000113.jpg,images/train2017/000000000113.jpg,smoke coco scene 113,128,128,c16b1fa995f1aa562b27e3a678b9a6c2a784f1160d1f17fd772a86f8ce370a2a,1,
coco_8fa1d38206085e7cb052908c,coco,data/raw_smoke/coco/images/train2017/000000000114.jpg,images/train2017/000000000114.jpg,smoke coco scene 114,128,128,68dcd41a62c3488598954d6189679d74b855b8c8676157335f2192217928fb4a,1,
coco_756ef09407fc68d25f491fbc,coco,data/raw_smoke/coco/images/train2017/000000000115.jpg,images/train2017/000000000115.jpg,smoke coco scene 115,128,128,1304adcc09a316fa67746c9c597cab81fbb57acc4fbbbda36721de78c509160c,1,
coco_e5ff07c31451b536b46f6ab7,coco,data/raw_smoke/coco/images/train2017/000000000116.jpg,images/train2017/000000000116.jpg,smoke coco scene 116,128,128,e7a6570ce9b32e54e0f104e4f0e96d8b5898a20f1f43a738be1849ffb69ed007,1,
coco_358c26ba7e42542e6c323de4,coco,data/raw_smoke/coco/images/train2017/000000000117.jpg,images/train2017/000000000117.jpg,smoke coco scene 117,128,128,33e2114e26e74f1be72ba996d9bc513fc4d4059792dfafd1e08858e50f8b9c9a,1,
coco_892a20d60a9b1816467225fc,coco,data/raw_smoke/coco/images/train2017/000000000118.jpg,images/train2017/000000000118.jpg,smoke coco scene 118,128,128,1ba5772e0043f0e51c1b769f7ece6650b30a105c92af6ec72eb22a9aae2a3d68,1,
coco_511e2d9e6da7b5a9492a36f1,coco,data/raw_smoke/coco/images/train2017/000000000119.jpg,images/train2017/000000000119.jpg,smoke coco scene 119,128,128,14c2e7296047253185b4526c01cefbfaa458ef16f9eb76b56ecd080d22eb3341,1,
coco_4e7779038638da2049b28a28,coco,data/raw_smoke/coco/images/train2017/000000000120.jpg,images/train2017/000000000120.jpg,smoke coco scene 120,128,128,2a0bbd17943c3711717e162c8de99b9360760b1d71f0be822da6d8322f0ee2c4,1,
coco_624bf74a4863ca6c6547166b,coco,data/raw_smoke/coco/images/train2017/000000000121.jpg,images/train2017/000000000121.jpg,smoke coco scene 121,128,128,0dc85410dca2e78178cb3145412a479c9ca248d3e3eab1fe55660400a958c13e,1,
coco_5090139b8f07333d5aa74db4,coco,data/raw_smoke/coco/images/train2017/000000000122.jpg,images/train2017/000000000122.jpg,smoke coco scene 122,128,128,d36f96a572169526cb4e139c92d7ab684c89ac3bf6fee1d764ae3e5cc3a46514,1,
coco_5f4aa91da84019262c89addb,coco,data/raw_smoke/coco/images/train2017/000000000123.jpg,images/train2017/000000000123.jpg,smoke coco scene 123,128,128,8b836f1f25497c6fc24cb2e5f43e3ac79f1e50713716ef0c6f6a9b7e1997bd19,1,
coco_994c66e912c2173331438cc4,coco,data/raw_smoke/coco/images/train2017/000000000124.jpg,images/train2017/000000000124.jpg,smoke coco scene 124,128,128,58ccedb4371813929adfcf1c56e6e1e4a483efc575edbb0556bd375f6c211198,1,
coco_00074a1a2220af020aa62433,coco,data/raw_smoke/coco/images/train2017/000000000125.jpg,images/train2017/000000000125.jpg,smoke coco scene 125,128,128,ee7df2fc315684cfe8455c845c22c2b4d3ca67866c30d52b0865c7a46d5c2059,1,
coco_a03cff2f8e390be929d399c6,coco,data/raw_smoke/coco/images/train2017/000000000126.jpg,images/train2017/000000000126.jpg,smoke coco scene 126,128,128,9f9c71337a3a7040e4cc9276526b5417e1e21c6a9669229b14b2283f8bf24de9,1,
coco_682e4f28fe4a8a88bfdc56fd,coco,data/raw_smoke/coco/images/train2017/000000000127.jpg,images/train2017/000000000127.jpg,smoke coco scene 127,128,128,0e3b6dc0142dfa54c39e407a9b72b210be07c02ed35f56f265046a6755bde186,1,
coco_fd745e2429b112ee2c7cefe1,coco,data/raw_smoke/coco/images/train2017/000000000128.jpg,images/train2017/000000000128.jpg,smoke coco scene 128,128,128,169f4445673126df4b6fe4ad246ecfea4c92f8a05935935a1da31171345f764d,1,
coco_4165853bb3357b77658fe87e,coco,data/raw_smoke/coco/images/train2017/000000000129.jpg,images/train2017/000000000129.jpg,smoke coco scene 129,128,128,d6797471b3b14f3e7063b684cae3b6e3d21a6ea63908b8525e51a2ef77a8cc32,1,
coco_8afdc6e4a68d1ecf44e8c91f,coco,data/raw_smoke/coco/images/train2017/000000000130.jpg,images/train2017/000000000130.jpg,smoke coco scene 130,128,128,5892608ccda541fac1fce405a8dd7eeb947dd305524b5d723da48400ac0a83dc,1,
coco_078f79534b00353c40bb51f6,coco,data/raw_smoke/coco/images/train2017/000000000131.jpg,images/train2017/000000000131.jpg,smoke coco scene 131,128,128,38e482941078d61ed551c696604c4405817880ddb29ab62d914b86262c2e04d3,1,
coco_3f71883de818760b34c3d4bb,coco,data/raw_smoke/coco/images/train2017/000000000132.jpg,images/train2017/000000000132.jpg,smoke coco scene 132,128,128,778cce86dd89da78b8bb2d514080e92a36790d8fb5bbb9d1703d37bc49b7009a,1,
coco_71d907f7e59f9864d2bebdd7,coco,data/raw_smoke/coco/images/train2017/000000000133.jpg,images/train2017/000000000133.jpg,smoke coco scene 133,128,128,cd2d7297066cac10f2e77576d0205cb1a061f6ff011705bf383d0cb7d514ede6,1,
coco_7b16734d0d2d306528fb29bb,coco,data/raw_smoke/coco/images/train2017/000000000134.jpg,images/train2017/000000000134.jpg,smoke coco scene 134,128,128,aced8ff006aef2c409c94314e051d10b365b26aa4041b4347a7677a0e671df9a,1,
coco_7f6515bfe858d83bf1103bf8,coco,data/raw_smoke/coco/images/train2017/000000000135.jpg,images/train2017/000000000135.jpg,smoke coco scene 135,128,128,ca6123187cf9045b267130c95db51e051954c80d19e88d2098254dc7c9d433a0,1,
coco_d1368c83dbf712f70aad8b54,coco,data/raw_smoke/coco/images/train2017/000000000136.jpg,images/train2017/000000000136.jpg,smoke coco scene 136,128,128,a45ed10122b9533c4fc83cf4361f0f2783afbbe7e6b99320793018b09d9358de,1,
coco_26f49f591801548fdb7869a9,coco,data/raw_smoke/coco/images/train2017/000000000137.jpg,images/train2017/000000000137.jpg,smoke coco scene 137,128,128,fc23f8c2a89cf63eb34648e477a847a5734e647c4969854b04316317a5d3c8e3,1,
coco_81a3ea96738bf3a70614f78b,coco,data/raw_smoke/coco/images/train2017/000000000138.jpg,images/train2017/000000000138.jpg,smoke coco scene 138,128,128,6eb002b1552b13fc1a9f9e49398cd7233f2b43eb1eefc2f3f456f574286c7c73,1,
coco_3e6c76b721c69751fea2c2ba,coco,data/raw_smoke/coco/images/train2017/000000000139.jpg,images/train2017/000000000139.jpg,smoke coco scene 139,128,128,957e8095c133068be26e85894f58660b21d44aca6b0f126a0d9c9e961ff3ff6e,1,
coco_5089b3e8ee7aaf7968130d35,coco,data/raw_smoke/coco/images/train2017/000000000140.jpg,images/train2017/000000000140.jpg,smoke coco scene 140,128,128,c4ed813ef84868fbef89883036855d813f3f8b184da291c8525920e5e078a68b,1,
coco_84143a55c170ba4c5611973c,coco,data/raw_smoke/coco/images/train2017/000000000141.jpg,images/train2017/000000000141.jpg,smoke coco scene 141,128,128,613a875739fb0c98801d9b97e3eb99d449c4828d8c32cf6b9800060b993cf0d7,1,
coco_92e7c35bb12b4991973ec020,coco,data/raw_smoke/coco/images/train2017/000000000142.jpg,images/train2017/000000000142.jpg,smoke coco scene 142,128,128,013a3cd628bf8bed39aafab6b71dcbb076c77d287578adcb3fbced514ecbc43b,1,
coco_c3639d46e28f7e3440c80002,coco,data/raw_smoke/coco/images/train2017/000000000143.jpg,images/train2017/000000000143.jpg,smoke coco scene 143,128,128,df3e5ea1e8a47324ff28b6701c60a0f4c00d95aff40ea698b0b4306c2db34e7a,1,
coco_3b2806c0904a7695bcbd3d34,coco,data/raw_smoke/coco/images/train2017/000000000144.jpg,images/train2017/000000000144.jpg,smoke coco scene 144,128,128,6b4e31b06ba99a76f6af7365325271b96a9af5b2419acd019964ba263148cfe2,1,
coco_2e4cac113056767e41ee96d1,coco,data/raw_smoke/coco/images/train2017/000000000145.jpg,images/train2017/000000000145.jpg,smoke coco scene 145,128,128,0b5c8d8141b494144e598d6f49be5d47fe8fb4be071599df77466f4e605ae7f9,1,
coco_b24f234ef2eedc930000fb38,coco,data/raw_smoke/coco/images/train2017/000000000146.jpg,images/train2017/000000000146.jpg,smoke coco scene 146,128,128,ca5d7e65a3dc5ccc467f90209b4f3a3b46cb5bce4b06dde0d1d1908154b2fba2,1,
coco_38575f172b58e27094048dd2,coco,data/raw_smoke/coco/images/train2017/000000000147.jpg,images/train2017/000000000147.jpg,smoke coco scene 147,128,128,c9d098a4731e069182d9994b7726bdc26c0453057c026e3345468a5618f18b7e,1,
coco_037e8e2c96ce19ed86c0ca83,coco,data/raw_smoke/coco/images/train2017/000000000148.jpg,images/train2017/000000000148.jpg,smoke coco scene 148,128,128,cea71b8806e5d0642dd83478de19b80605019e9589b4ddaa8aac31d6c7cca0d0,1,
coco_b26c354e29ebdf5fb0f1de15,coco,data/raw_smoke/coco/images/train2017/000000000149.jpg,images/train2017/000000000149.jpg,smoke coco scene 149,128,128,a7fac1aee4c14dc91cea6d8a1603ef3284698a253a13e73d91bc7078d2e791c0,1,
coco_da5dc0ba48934ff193e187de,coco,data/raw_smoke/coco/images/train2017/000000000150.jpg,images/train2017/000000000150.jpg,smoke coco scene 150,128,128,0063a88bb43bde869e760a6e547bfee7b746fa449e33af9b1ae14292ed916402,1,
coco_555a8f61464fe709da640ce5,coco,data/raw_smoke/coco/images/train2017/000000000151.jpg,images/train2017/000000000151.jpg,smoke coco scene 151,128,128,d140a01c005479d457b28eb01a86bd4985988da66eb4f2a1f55587c098edfa6f,1,
coco_204f2ec1bb1a9c79a13ebe52,coco,data/raw_smoke/coco/images/train2017/000000000152.jpg,images/train2017/000000000152.jpg,smoke coco scene 152,128,128,a44dd00de518af51f9e4423c78a1df3d7092b04d908434ff8337d4f572054b08,1,
coco_9f715ed577b19cd3944ca9a2,coco,data/raw_smoke/coco/images/train2017/000000000153.jpg,images/train2017/000000000153.jpg,smoke coco scene 153,128,128,decc54f7201738ea6cc6972b9c0ee069e703b3b1c34b388e828f62e2284e7b38,1,
coco_dcaac9db46ee87b1c773d631,coco,data/raw_smoke/coco/images/train2017/000000000154.jpg,images/train2017/000000000154.jpg,smoke coco scene 154,128,128,671cb82a7d40503914e9ab7674b72c70d59c54bc41f472bda1365ae37be53db2,1,
coco_dc3dfb36554c525c13e253c0,coco,data/raw_smoke/coco/images/train2017/000000000155.jpg,images/train2017/000000000155.jpg,smoke coco scene 155,128,128,0d882928568e0996b0047bec91002b4da257fbeff4310146cb4b16cb64e7ff88,1,
coco_0fff5674e55a36b662de793b,coco,data/raw_smoke/coco/images/train2017/000000000156.jpg,images/train2017/000000000156.jpg,smoke coco scene 156,128,128,03ae82a4ff8c8bdee91e80932c8746c9d72c6a6586328bb24ecb9aa47fc94974,1,
coco_3503e3ecb798f2181ad370aa,coco,data/raw_smoke/coco/images/train2017/000000000157.jpg,images/train2017/000000000157.jpg,smoke coco scene 157,128,128,0083088e959702048b14ac2c0ec1f3b414e189208d8173c9dd0bd79435e3f42b,1,
coco_2c86669ca10c3655401b220c,coco,data/raw_smoke/coco/images/train2017/000000000158.jpg,images/train2017/000000000158.jpg,smoke coco scene 158,128,128,4109c2548a9a7fad41d5a76393b514a45dce4baea760428cb0d126694242f837,1,
coco_d5ec207661f859fcb90299bd,coco,data/raw_smoke/coco/images/train2017/000000000159.jpg,images/train2017/000000000159.jpg,smoke coco scene 159,128,128,a28fa35e057adec8848abab7eeafbab98aa9d370d986fd49ae37c6b3e7336394,1,
coco_edca9ec4577e35fcdb7507e7,coco,data/raw_smoke/coco/images/train2017/000000000160.jpg,images/train2017/000000000160.jpg,smoke coco scene 160,128,128,bc4763411a636e369cc21e5d7231587f8951fefcbac9e3b67e698bdd9f05902c,1,
coco_63299ac603a538cf9df8c31f,coco,data/raw_smoke/coco/images/train2017/000000000161.jpg,images/train2017/000000000161.jpg,smoke coco scene 161,128,128,e48bd37e4a5759c6b4d3679756c8b7d2d6e2acc369bac3514bf6579e277deb57,1,
coco_b5beb7ce08a5b5211fac83bd,coco,data/raw_smoke/coco/images/train2017/000000000162.jpg,images/train2017/000000000162.jpg,smoke coco scene 162,128,128,ab6227c8f3ff1ee0d775215a6b64de2cb367e3ba5d98ec5dcc7cd7cb5cb99d1c,1,
coco_ba8be47a703bdca9f245dbcd,coco,data/raw_smoke/coco/images/train2017/000000000163.jpg,images/train2017/000000000163.jpg,smoke coco scene 163,128,128,020456315ecbc6ce27d89c2c8b70da699d6215dcdb1fdc91acba2906341296bc,1,
coco_4b19ceb2bb00fd0cdc4d3bbf,coco,data/raw_smoke/coco/images/train2017/000000000164.jpg,images/train2017/000000000164.jpg,smoke coco scene 164,128,128,99e3a2d76eb742910e9ba4d0e052f1034a96e102d962fee31452b45b6e331e36,1,
coco_f5c798f5c10f03a8c1325f80,coco,data/raw_smoke/coco/images/train2017/000000000165.jpg,images/train2017/000000000165.jpg,smoke coco scene 165,128,128,260c9806625ce59e809961b0a1f747bb012aba331f6a4d9cb748081e2a2248f8,1,
coco_b9127c797feee74f9de5f90c,coco,data/raw_smoke/coco/images/train2017/000000000166.jpg,images/train2017/000000000166.jpg,smoke coco scene 166,128,128,f5949b2ab3d65fb0a1592d47a06fd1d434ce306cad7915bd345a3f49f281cc04,1,
coco_ca4cdb34544399eb3e814c88,coco,data/raw_smoke/coco/images/train2017/000000000167.jpg,images/train2017/000000000167.jpg,smoke coco scene 167,128,128,94f2d2ae431055664a218bc3026a505d7df663936be51472420b599cad55d800,1,
coco_e2c17fffd9bd76388a893932,coco,data/raw_smoke/coco/images/train2017/000000000168.jpg,images/train2017/000000000168.jpg,smoke coco scene 168,128,128,db174d8da0a44f134e7291d98673b6258c37ee0c32b93c9b363fa9db132cd879,1,
coco_1968b9eb975ddeaefc18fc4a,coco,data/raw_smoke/coco/images/train2017/000000000169.jpg,images/train2017/000000000169.jpg,smoke coco scene 169,128,128,11d7679f8bc04740cc7324f665b8e6c762e122cc8b10c1e30f6d05896e813bd2,1,
coco_77f1dac8b5fcfd1bdcafae58,coco,data/raw_smoke/coco/images/train2017/000000000170.jpg,images/train2017/000000000170.jpg,smoke coco scene 170,128,128,8cfa9856c0415440a87617ce829aa51b2fe836639064813c9ec8c819f2b67a7b,1,
coco_67905b9f12adbb41e7edd26a,coco,data/raw_smoke/coco/images/train2017/000000000171.jpg,images/train2017/000000000171.jpg,smoke coco scene 171,128,128,06fa2943c50b1dd4544e7a73c91842b9992fe006892ef999d9cccd80f13655e2,1,
coco_e824c0589ef0cc5efb48bd4a,coco,data/raw_smoke/coco/images/train2017/000000000172.jpg,images/train2017/000000000172.jpg,smoke coco scene 172,128,128,30d9de00478ee85f44289c1db3bb15a69a23e96e6d7f04841dd7078e63208499,1,
coco_58d1ceb47b1762c1ee8a2226,coco,data/raw_smoke/coco/images/train2017/000000000173.jpg,images/train2017/000000000173.jpg,smoke coco scene 173,128,128,053bd135881f479c6fa9657eaa8a459ae059456b3247011940fff04b271eeb6c,1,
coco_415cc750e410043556b7e133,coco,data/raw_smoke/coco/images/train2017/000000000174.jpg,images/train2017/000000000174.jpg,smoke coco scene 174,128,128,876326eb8512504a50e47b1076f362c404096b4a0cffe0f2c60b23ac8a011ff0,1,
coco_3029707c8d2d0c0d4b3e6ec6,coco,data/raw_smoke/coco/images/train2017/000000000175.jpg,images/train2017/000000000175.jpg,smoke coco scene 175,128,128,e47d8f2524fdcfbc20a3a9ea93fb57676de31db9f0120e015a8027fa05aabb01,1,
coco_4c6a4f00e3b9fb543f2d85df,coco,data/raw_smoke/coco/images/train2017/000000000176.jpg,images/train2017/000000000176.jpg,smoke coco scene 176,128,128,83a20e320c1cd9617c30a54f7a6f87b34d833bb4bad803bfdc03ed31e15506fa,1,
coco_150e03dce4a41e40a24efb30,coco,data/raw_smoke/coco/images/train2017/000000000177.jpg,images/train2017/000000000177.jpg,smoke coco scene 177,128,128,879f45ae3af3470b725305608dd5e2695ecf2131098f9625b4991cdf5de42387,1,
coco_e01dbde96eb56b8aac06a029,coco,data/raw_smoke/coco/images/train2017/000000000178.jpg,images/train2017/000000000178.jpg,smoke coco scene 178,128,128,375c6d32ed07bc2a8e02dcc72d6f8897ab126acd3476eb7e4be25f0acb6953ce,1,
coco_14dc823c5ef0c6a8b82c2865,coco,data/raw_smoke/coco/images/train2017/000000000179.jpg,images/train2017/000000000179.jpg,smoke coco scene 179,128,128,ca08fef7cdaa2de6d48a5a36d5b53efde9d453a682d537de1c308bf2e6d946f6,1,
coco_ca1e1c201bb45bc2660f5a14,coco,data/raw_smoke/coco/images/train2017/000000000180.jpg,images/train2017/000000000180.jpg,smoke coco scene 180,128,128,9f26e5ee564fc57eeb23fe96c463460f811bb25953846a193fe5346e1cc46503,1,
coco_c120d4bf09b07baa09f6a1ec,coco,data/raw_smoke/coco/images/train2017/000000000181.jpg,images/train2017/000000000181.jpg,smoke coco scene 181,128,128,ab80a05d402f305bd30c890ce4745a5e97ec1a6d8cd82e6bdd2e4d445db6ddcd,1,
coco_9de64babfa45abefd8dc4365,coco,data/raw_smoke/coco/images/train2017/000000000182.jpg,images/train2017/000000000182.jpg,smoke coco scene 182,128,128,8880e1085720b480379e62bbf50de6238c20cff6eda2be8cb84b0e3ebbf387c4,1,
coco_1db4168d3ac44142fd8bf684,coco,data/raw_smoke/coco/images/train2017/000000000183.jpg,images/train2017/000000000183.jpg,smoke coco scene 183,128,128,c23ed83bfc570c40425e07479eb3cebc3407de5513d0645eec733df1d8ed7431,1,
coco_db3202463d4a731228da079e,coco,data/raw_smoke/coco/images/train2017/000000000184.jpg,images/train2017/000000000184.jpg,smoke coco scene 184,128,128,0d5db04de69fb97e95016e340932570daf180edbe55274d3ec2a87ce766ac0ea,1,
coco_375158d76bf1c8271596d2e3,coco,data/raw_smoke/coco/images/train2017/000000000185.jpg,images/train2017/000000000185.jpg,smoke coco scene 185,128,128,713d9817c9a805e2b17c2d3a426bb8c209bcb860145b2f196cfa102a81eab674,1,
coco_a0650208652858aae9b2b942,coco,data/raw_smoke/coco/images/train2017/000000000186.jpg,images/train2017/000000000186.jpg,smoke coco scene 186,128,128,72d77150434525f91becc7ac2d07df4c07840cb644186c169d087e119c71626b,1,
coco_fa351905c7f76aa36327fb00,coco,data/raw_smoke/coco/images/train2017/000000000187.jpg,images/train2017/000000000187.jpg,smoke coco scene 187,128,128,4d58ed6327f3ffd58499b8366b849fa0ee10a71b3647d5fbbd73021fb9c22493,1,
coco_b9b2cacf947f244d07c82ed1,coco,data/raw_smoke/coco/images/train2017/000000000188.jpg,images/train2017/000000000188.jpg,smoke coco scene 188,128,128,f7cff4a69ba2425ebc15c76d2e8b6417064d1f00ba4de37c884568b5fd53078f,1,
coco_1dd241579860f3b6f22d5132,coco,data/raw_smoke/coco/images/train2017/000000000189.jpg,images/train2017/000000000189.jpg,smoke coco scene 189,128,128,b20429e0e0ed6661a018ceb5374219cc3d7af48f8e7f6fa3c69cd46fe924fd62,1,
coco_27fa996ba374914db16b61ec,coco,data/raw_smoke/coco/images/train2017/000000000190.jpg,images/train2017/000000000190.jpg,smoke coco scene 190,128,128,35d48659c8e2b45c4f4e52db242550be4c5c2236c2cb90f9197581eb2ab732ad,1,
coco_32439151c02f1aaa31f8270c,coco,data/raw_smoke/coco/images/train2017/000000000191.jpg,images/train2017/000000000191.jpg,smoke coco scene 191,128,128,7e14d764e05dc746482e9fe2cc300c17beddc64245bb8256f026876bc1bb6aed,1,
coco_c13570434c80d0c61c8ac16d,coco,data/raw_smoke/coco/images/train2017/000000000192.jpg,images/train2017/000000000192.jpg,smoke coco scene 192,128,128,702f806d4161f060bde59100cca171af79c5ff449abf2c0ff6c31611de7edde0,1,
coco_16687af29e30fa7e52f88958,coco,data/raw_smoke/coco/images/train2017/000000000193.jpg,images/train2017/000000000193.jpg,smoke coco scene 193,128,128,d48741cc8b6fd14a86be83f802a6a8b1f0b035b8a162cea8b474b197546d8d2b,1,
coco_1060e90724f1a6ae674521c4,coco,data/raw_smoke/coco/images/train2017/000000000194.jpg,images/train2017/000000000194.jpg,smoke coco scene 194,128,128,f4e5c0b70103a23bd6adc818785cb6933bf1dd265314dd91ba66e391b6ec2aa5,1,
coco_6e02e3fe8d8cac0ccc12bcfd,coco,data/raw_smoke/coco/images/train2017/000000000195.jpg,images/train2017/000000000195.jpg,smoke coco scene 195,128,128,649d3c5007989affd0e152918d3443d414fed3b4a414e45a7c0af45c410ead15,1,
coco_641c28ccc5a7a12a73e70d62,coco,data/raw_smoke/coco/images/train2017/000000000196.jpg,images/train2017/000000000196.jpg,smoke coco scene 196,128,128,9b0133d1e9b7d0b97a63ef425aea83f437e69cbd0aeb64c1a8c498fa93126ef7,1,
coco_3acd56a697bf21cab0d0f9d2,coco,data/raw_smoke/coco/images/train2017/000000000197.jpg,images/train2017/000000000197.jpg,smoke coco scene 197,128,128,789d528958632f992d088e5db90a614c3941ebfae745e8d383dabb5307913f2f,1,
coco_566dd4773e98f6ac2e8abaf7,coco,data/raw_smoke/coco/images/train2017/000000000198.jpg,images/train2017/000000000198.jpg,smoke coco scene 198,128,128,3af3fca9b73ad6e29b7d9a9ef5b713633f7022b92398a28581f1a1c0fafb3363,1,
coco_1576016ec1c6e0d442a59fa7,coco,data/raw_smoke/coco/images/train2017/000000000199.jpg,images/train2017/000000000199.jpg,smoke coco scene 199,128,128,6ab2be6ae18e4851361532bcceee130b8df29b059e5584bca3568b140709b1ff,1,
coco_2fb7524d70f3a85a64d65028,coco,data/raw_smoke/coco/images/train2017/000000000200.jpg,images/train2017/000000000200.jpg,smoke coco scene 200,128,128,f0844e82c22d897222be7c41f7fc3e4d8b9ef3fe9e1d66345bcfdd2d96ff99db,1,
coco_8f35c11e5c3e6095f5c2723e,coco,data/raw_smoke/coco/images/train2017/000000000201.jpg,images/train2017/000000000201.jpg,smoke coco scene 201,128,128,b674f2d928022818905033d2a112bcd3b71d4a7f5a76bca0c7123e44f64039a4,1,
coco_114aaf48468923771d8c4a0d,coco,data/raw_smoke/coco/images/train2017/000000000202.jpg,images/train2017/000000000202.jpg,smoke coco scene 202,128,128,fa7f346ec4a255e1ab1349f60f5d73f96e80bb68dd5c79c1bc8e14c09b7fbd3a,1,
coco_410bee5981d95d5660c25f30,coco,data/raw_smoke/coco/images/train2017/000000000203.jpg,images/train2017/000000000203.jpg,smoke coco scene 203,128,128,5d8530240fd73f6fffc64224440879fe9a8774796077fa6196101c69ec17256e,1,
coco_52173b8cb6c6f89e266f9ad0,coco,data/raw_smoke/coco/images/train2017/000000000204.jpg,images/train2017/000000000204.jpg,smoke coco scene 204,128,128,537cbf16f6b62948db7f36324c8d7643c8200b7640d31e060b1cf1ae6a5c281e,1,
coco_249a1d75bbaa424a5009c20e,coco,data/raw_smoke/coco/images/train2017/000000000205.jpg,images/train2017/000000000205.jpg,smoke coco scene 205,128,128,ddee9e989cc3ae2ab64ed277b738161751f27101c66c5d0110bc987a038152e6,1,
coco_a916e8cabc515026ee65e6de,coco,data/raw_smoke/coco/images/train2017/000000000206.jpg,images/train2017/000000000206.jpg,smoke coco scene 206,128,128,de3a8041460f048fb7e85ab0c9c76177b00956320e5172c5a6553213d9179b22,1,
coco_cbfef9aa84b48592e35c3566,coco,data/raw_smoke/coco/images/train2017/000000000207.jpg,images/train2017/000000000207.jpg,smoke coco scene 207,128,128,d6315ce56229a93e830ade679da93456f18180fb41381969fdbe31fa6314e708,1,
coco_a9a7f68c1a2600d0a22d7a80,coco,data/raw_smoke/coco/images/train2017/000000000208.jpg,images/train2017/000000000208.jpg,smoke coco scene 208,128,128,93bc439ae57fd5ac250ad9c160e31fb13fd74b8c85c00d6b98fa4ec565dba3ea,1,
coco_3273e89ad629e387f43e193f,coco,data/raw_smoke/coco/images/train2017/000000000209.jpg,images/train2017/000000000209.jpg,smoke coco scene 209,128,128,3aff06c77b40dc92df10f866f16b6ef4f666cbb815a9807c637ddc6d28229e46,1,
coco_3b57dff2ed916c53d9d2ad62,coco,data/raw_smoke/coco/images/train2017/000000000210.jpg,images/train2017/000000000210.jpg,smoke coco scene 210,128,128,86527af82ecbc08e98c115c5c88d04e8f557f0b4acf3cbdf89c11afbe5a41008,1,
coco_f7962624a52f7bf53f6a38af,coco,data/raw_smoke/coco/images/train2017/000000000211.jpg,images/train2017/000000000211.jpg,smoke coco scene 211,128,128,470172504290cb8dc0a1aa91f42c8d81a3b54656abcf76173707e5d135fb27f3,1,
coco_b07643a5364cbadab3a1f41e,coco,data/raw_smoke/coco/images/train2017/000000000212.jpg,images/train2017/000000000212.jpg,smoke coco scene 212,128,128,bafd3d2186717407d8245aab98cc690460d64662f59951f90f29701b79b661c8,1,
coco_8f1136514786d674378fe1f4,coco,data/raw_smoke/coco/images/train2017/000000000213.jpg,images/train2017/000000000213.jpg,smoke coco scene 213,128,128,6a4221feab97316c53662a8d60db19103f89932b608b78c8191475cae92ec396,1,
coco_1d2c0ea2301e0c275886661e,coco,data/raw_smoke/coco/images/train2017/000000000214.jpg,images/train2017/000000000214.jpg,smoke coco scene 214,128,128,37bd00bf67285d8c8439b32cd00357c2cb860694ca018518bab2960c21543241,1,
coco_fcd6376b59b72d3546e27a2b,coco,data/raw_smoke/coco/images/train2017/000000000215.jpg,images/train2017/000000000215.jpg,smoke coco scene 215,128,128,752bc5a479bbe9b15789a588fe564bf3956adbf254cc64c47b5dbbbc9db55329,1,
coco_47a927cc65f925009aa84a28,coco,data/raw_smoke/coco/images/train2017/000000000216.jpg,images/train2017/000000000216.jpg,smoke coco scene 216,128,128,e6f6dab29130d6393fd29e7746f5ba564876b52cfbe35d4be05d7041008b0e6b,1,
coco_69a47c645e41dd0eaca4f0c8,coco,data/raw_smoke/coco/images/train2017/000000000217.jpg,images/train2017/000000000217.jpg,smoke coco scene 217,128,128,f0fd0188a7617232da478676dc201a3dc577155b539754d5d799cbc3bad58a95,1,
coco_265b2f1c72a9f363642a3195,coco,data/raw_smoke/coco/images/train2017/000000000218.jpg,images/train2017/000000000218.jpg,smoke coco scene 218,128,128,7a10140136f4b0dd9daea7196365cc78c9269121ce9be70fdae37b9fc294be54,1,
coco_77fb8aab8dfe5e7eeb0fbc26,coco,data/raw_smoke/coco/images/train2017/000000000219.jpg,images/train2017/000000000219.jpg,smoke coco scene 219,128,128,e6efd872aec538cb805be22477fa2c62cc47b6f31f3f988d24a4140457908bc4,1,
coco_d7501077a0a60dda2e9c279a,coco,data/raw_smoke/coco/images/train2017/000000000220.jpg,images/train2017/000000000220.jpg,smoke coco scene 220,128,128,9c6551d26a70cb577c124a4c00a1805ed79ce32bc0e24cf430b2ec7fed1d83ab,1,
coco_cf9db265a0f36103bbebd392,coco,data/raw_smoke/coco/images/train2017/000000000221.jpg,images/train2017/000000000221.jpg,smoke coco scene 221,128,128,c1ef2cc0f5aa55f017ba0b8c58eb8eeb14d431f3f36126ba479d01a60304fc4b,1,
coco_b2c65635805c6713d4b9a5dc,coco,data/raw_smoke/coco/images/train2017/000000000222.jpg,images/train2017/000000000222.jpg,smoke coco scene 222,128,128,0e1553941932fbfbd66fc0274de36e10c5584f8a1e8b6f34cb382345c59ce051,1,
coco_e8e44bf4700319801dd76209,coco,data/raw_smoke/coco/images/train2017/000000000223.jpg,images/train2017/000000000223.jpg,smoke coco scene 223,128,128,d361ff4f6dfa9910d09a00c60e842d7dcc5ac5de1a410e7b4949072f007475e3,1,
coco_c14c189517fc3e58d40bc355,coco,data/raw_smoke/coco/images/train2017/000000000224.jpg,images/train2017/000000000224.jpg,smoke coco scene 224,128,128,e8ec9fa5084215a3b88c88e1a42e84fbf72e390f5babab43a44b5a3426eb4fd1,1,
coco_17077bf48f448155fda09e5a,coco,data/raw_smoke/coco/images/train2017/000000000225.jpg,images/train2017/000000000225.jpg,smoke coco scene 225,128,128,46b479f58bb74dffdc0d69cba1547cfd3658e7db66a8a15645ecc0a0d2c0a8ed,1,
coco_b4557f56c2556e8b32215213,coco,data/raw_smoke/coco/images/train2017/000000000226.jpg,images/train2017/000000000226.jpg,smoke coco scene 226,128,128,965edebef4dc1296e0966b0d3d33150b491159e59fd521c9f87476ae36ceae0e,1,
coco_761fcd323e3d1a0bb39d265a,coco,data/raw_smoke/coco/images/train2017/000000000227.jpg,images/train2017/000000000227.jpg,smoke coco scene 227,128,128,356925975c89333fd8f4da1b5b941e1f066fca0e12f70d991d92342564b5b5fa,1,
coco_25fa1c295845ff4ae3e8f20a,coco,data/raw_smoke/coco/images/train2017/000000000228.jpg,images/train2017/000000000228.jpg,smoke coco scene 228,128,128,c39b18e0e57023ce3d419567fb44afcad8dbc735d376bf6cee9f0de72735ea09,1,
coco_f9d48900c80353107963614b,coco,data/raw_smoke/coco/images/train2017/000000000229.jpg,images/train2017/000000000229.jpg,smoke coco scene 229,128,128,09ad378872525d0d52a37ad71e7a064ad002ab84380f58b8d6f19dbf01115d43,1,
coco_062ae64fa1f15b27c7802a6c,coco,data/raw_smoke/coco/images/train2017/000000000230.jpg,images/train2017/000000000230.jpg,smoke coco scene 230,128,128,ac42accc3fd2fea27552e5688e77aa1a791a99ceb19dea29998a5e8f19d1c89a,1,
coco_5561f1f094ef672eccfe8add,coco,data/raw_smoke/coco/images/train2017/000000000231.jpg,images/train2017/000000000231.jpg,smoke coco scene 231,128,128,5f5b6d0a364d990ad15b4f698601fdfb380cab888727c8f4dea7298f2d9f8ed0,1,
coco_bd8a5e9cf00a7f4dbf75e8c2,coco,data/raw_smoke/coco/images/train2017/000000000232.jpg,images/train2017/000000000232.jpg,smoke coco scene 232,128,128,7538e72021edcd678382b96ac00a3fe8d73690b0275b048ca4ea88bbe449a69c,1,
coco_b4aba11a68c06bc138fea864,coco,data/raw_smoke/coco/images/train2017/000000000233.jpg,images/train2017/000000000233.jpg,smoke coco scene 233,128,128,f9c9f4c34f8d4eead495144b04663aaf8fabe9ed3bfb3ddb5010338884c81533,1,
coco_94933ce0e7ace918913a8026,coco,data/raw_smoke/coco/images/train2017/000000000234.jpg,images/train2017/000000000234.jpg,smoke coco scene 234,128,128,45a63af2b347d90907cfdd0f0fdbfa2f8b4364f2382905dda94d2c04f85ec370,1,
coco_2c83a4b8cfbd05b75f599e1e,coco,data/raw_smoke/coco/images/train2017/000000000235.jpg,images/train2017/000000000235.jpg,smoke coco scene 235,128,128,afc376c94949bea32c8e0c1bde9ca8b6b201474bf66d93910e13e9266460d91d,1,
coco_be739cb37a49bcd5cb87cfef,coco,data/raw_smoke/coco/images/train2017/000000000236.jpg,images/train2017/000000000236.jpg,smoke coco scene 236,128,128,492a5176cc0796d9788bc87a1a4334a57b9820dcf41ca156c6317b29eab8e701,1,
coco_c4c00a724de8975d622eb6dc,coco,data/raw_smoke/coco/images/train2017/000000000237.jpg,images/train2017/000000000237.jpg,smoke coco scene 237,128,128,c11813917556747a13b98200f908101f033009a81b958c69dd861c60c19fcbfd,1,
coco_403fcdca70983fe73e2fd75c,coco,data/raw_smoke/coco/images/train2017/000000000238.jpg,images/train2017/000000000238.jpg,smoke coco scene 238,128,128,dd51e1d7dad08518130ef4e4cdfb3ddcb2877919b298e5b3dd63f17302976249,1,
coco_23214e21465d71217a4b5141,coco,data/raw_smoke/coco/images/train2017/000000000239.jpg,images/train2017/000000000239.jpg,smoke coco scene 239,128,128,612b14cac3c9ee46eedd26c3d0bd05e2c6e46a01da7584e6edfacc43c09d9304,1,
coco_4ec1481b2f126f84199d408d,coco,data/raw_smoke/coco/images/train2017/000000000240.jpg,images/train2017/000000000240.jpg,smoke coco scene 240,128,128,147c8fcd17774f9fb94a7d33a5f632a2659018bc0b898e81ee9d9a59ccbb0f6b,1,
coco_f5bbb2ffb9039f833ca39b36,coco,data/raw_smoke/coco/images/train2017/000000000241.jpg,images/train2017/000000000241.jpg,smoke coco scene 241,128,128,d5bdcf020577c7af729c28f5d7d9b6e1e43576c472eed242740f19ea284397da,1,
coco_7c0366a2658a80c809fe65bf,coco,data/raw_smoke/coco/images/train2017/000000000242.jpg,images/train2017/000000000242.jpg,smoke coco scene 242,128,128,88cd9767364a84478352b621daefcc4e2b9587df7ba86c9c4f9c9cc3b3ecd26a,1,
coco_a87bddecc5c692320de7786f,coco,data/raw_smoke/coco/images/train2017/000000000243.jpg,images/train2017/000000000243.jpg,smoke coco scene 243,128,128,9aa1aeacdf5af133688e23421e093e7cd933d48bd511f0ddafa92ea29f803320,1,
coco_337fa8ab96ff635b02467db2,coco,data/raw_smoke/coco/images/train2017/000000000244.jpg,images/train2017/000000000244.jpg,smoke coco scene 244,128,128,664e016ffe3a5bf17c9784d6986e41953f5a843873a99c524754db917a683c78,1,
coco_20a010831d73e108d76f7e83,coco,data/raw_smoke/coco/images/train2017/000000000245.jpg,images/train2017/000000000245.jpg,smoke coco scene 245,128,128,db47ff3efbadb52d77f23fdc421eca6fccf405e7d706f3710ef56f69b1e16a61,1,
coco_f472d7d975f52b1e355f0fcb,coco,data/raw_smoke/coco/images/train2017/000000000246.jpg,images/train2017/000000000246.jpg,smoke coco scene 246,128,128,5779392473a25b0d18fa8cda9f4889487c7f17d5b8cc99154d6b6388761afbb0,1,
coco_ec57a9da3d9a959c0f083e73,coco,data/raw_smoke/coco/images/train2017/000000000247.jpg,images/train2017/000000000247.jpg,smoke coco scene 247,128,128,f93f527afccd4b6459dbcc1d9f2bc870b7a0f31db49d9bb067c7fbd1316e6625,1,
coco_ea3149368ec2121281e2a3da,coco,data/raw_smoke/coco/images/train2017/000000000248.jpg,images/train2017/000000000248.jpg,smoke coco scene 248,128,128,22770582c4f17ba6ba35d560c3483e74b150e0e0ebef61a8a78983db51ad3817,1,
coco_ddba186cf523eafe137cdd06,coco,data/raw_smoke/coco/images/train2017/000000000249.jpg,images/train2017/000000000249.jpg,smoke coco scene 249,128,128,57a5160325af5f788ae1ba0be5ad1ef46caded9e4ad81c75d3a0978bd89f1f35,1,
coco_c63eb8341b40cbf2cb03b550,coco,data/raw_smoke/coco/images/train2017/000000000250.jpg,images/train2017/000000000250.jpg,smoke coco scene 250,128,128,13a25b5982405504b5f5a17d4298ec09bd426419330297b34719b0f0f04eb644,1,
coco_a31b119a06d6d279174a60e7,coco,data/raw_smoke/coco/images/train2017/000000000251.jpg,images/train2017/000000000251.jpg,smoke coco scene 251,128,128,b359223bae5f496ce2ba66e71f5a78247eea9285563eea7a267665ea746ba7b6,1,
coco_73f44d4ca651d62e9cce57ab,coco,data/raw_smoke/coco/images/train2017/000000000252.jpg,images/train2017/000000000252.jpg,smoke coco scene 252,128,128,881dcc71afbaa3811cc3296b7f5692fc826c3845d76e1fa239bff5cb41c34663,1,
coco_1f732a53f0847ba6ea3c5b9f,coco,data/raw_smoke/coco/images/train2017/000000000253.jpg,images/train2017/000000000253.jpg,smoke coco scene 253,128,128,1a508b60f95fae608deacb854a77ab3960ff71cf1e8e19bb1e1f5f5d72fffc62,1,
coco_5602d38159a517692ca21d6c,coco,data/raw_smoke/coco/images/train2017/000000000254.jpg,images/train2017/000000000254.jpg,smoke coco scene 254,128,128,14d9b3c8fb184981ddb24aaf81f09a1d5dd0310706b32e4ee7d4b856f020f255,1,
coco_258d8754d144b2cc7bdfac92,coco,data/raw_smoke/coco/images/train2017/000000000255.jpg,images/train2017/000000000255.jpg,smoke coco scene 255,128,128,db5d6b6f7c4809c6a51f4d3c86b370c1e8790879249d35ec49122f75b8cc49e6,1,
coco_2585ec38080e8b97b2d0a751,coco,data/raw_smoke/coco/images/train2017/000000000256.jpg,images/train2017/000000000256.jpg,smoke coco scene 256,128,128,8024f58e8b623b28a79d80bdfe8059ac2081643febe8c9023cf610779a4de74a,1,
coco_e86ef2fe974145ca8749f6c4,coco,data/raw_smoke/coco/images/train2017/000000000257.jpg,images/train2017/000000000257.jpg,smoke coco scene 257,128,128,07bbf29b0e2fd99cc2c566cdf0728a165c68532b006d0dc26f00c0fa1249082d,1,
coco_86d636984e27ef14b3207c25,coco,data/raw_smoke/coco/images/train2017/000000000258.jpg,images/train2017/000000000258.jpg,smoke coco scene 258,128,128,056a31376b6cb25b7650a4f493d515180f71286417363db63a4cd81e96909100,1,
coco_4aeaa9968dabb6f5fc02f1d2,coco,data/raw_smoke/coco/images/train2017/000000000259.jpg,images/train2017/000000000259.jpg,smoke coco scene 259,128,128,1c19afa3f66fa6a409444fe0c7fc49edec1f48937d6b22ddfa28472f62e84682,1,
coco_6000d6a99317f65ae595f0dc,coco,data/raw_smoke/coco/images/train2017/000000000260.jpg,images/train2017/000000000260.jpg,smoke coco scene 260,128,128,dbbe31e9287b87064986911f87461d19e13f1b5228e0c9fc06fd5d8e89137409,1,
coco_c93127ebd365f993a8905a56,coco,data/raw_smoke/coco/images/train2017/000000000261.jpg,images/train2017/000000000261.jpg,smoke coco scene 261,128,128,9cfd2473f06282367b119aaea2fa317965f4d5f84c8da28b9ec1da40dcba1835,1,
coco_2239a3a119d1daebe0b5c453,coco,data/raw_smoke/coco/images/train2017/000000000262.jpg,images/train2017/000000000262.jpg,smoke coco scene 262,128,128,ac031047c3ce7785b5a775e772156c7fd81e7f3d654b71d3b7d0fe986e90ac74,1,
coco_f289f278c099f135aa1ccf61,coco,data/raw_smoke/coco/images/train2017/000000000263.jpg,images/train2017/000000000263.jpg,smoke coco scene 263,128,128,07d27a7b857aece019d8c5f00e890a44831f8f38efd4e931377d6c41f5bd32d7,1,
coco_b1764a46061c81adad51efd0,coco,data/raw_smoke/coco/images/train2017/000000000264.jpg,images/train2017/000000000264.jpg,smoke coco scene 264,128,128,5dd0c8218fad719f1481ab360ddf1cc6c39dce9769fd1ef07d7c5221d20caffc,1,
coco_2fc903e95fd11fa51dc40088,coco,data/raw_smoke/coco/images/train2017/000000000265.jpg,images/train2017/000000000265.jpg,smoke coco scene 265,128,128,22ad9078da6d9940c9f1e95cdbc302d5fd3cc97621e0adf825ec261297bc7757,1,
coco_7f77edb50126cf98eead4a1f,coco,data/raw_smoke/coco/images/train2017/000000000266.jpg,images/train2017/000000000266.jpg,smoke coco scene 266,128,128,7f6e34de6451b07b7128387047da9d229561d7beffcd7de0915d595b02b7c698,1,
coco_11fd73b931207ec2956df0de,coco,data/raw_smoke/coco/images/train2017/000000000267.jpg,images/train2017/000000000267.jpg,smoke coco scene 267,128,128,5c038a8909fd10282474c60ea8b5fd6eeb03a455f45788acddafc751a4a57600,1,
coco_420af2bac80c730d6bf37319,coco,data/raw_smoke/coco/images/train2017/000000000268.jpg,images/train2017/000000000268.jpg,smoke coco scene 268,128,128,3ff911b8103dff8d37280e792e21364bc8b935e68d6c37e8e1644a01f7512c57,1,
coco_98e5045d6f3cca30bbc0dfe0,coco,data/raw_smoke/coco/images/train2017/000000000269.jpg,images/train2017/000000000269.jpg,smoke coco scene 269,128,128,1cb924e320645791a142d5bcc5294eddad325fd4784ab619ffcded154aba8175,1,
coco_de3e4b97ee88bdea0dd0dade,coco,data/raw_smoke/coco/images/train2017/000000000270.jpg,images/train2017/000000000270.jpg,smoke coco scene 270,128,128,012096f31819cc52cc81b0a3d142eb1f3d50fb4e2141d27fb7aa6a291872c4ad,1,
coco_1f98709fbd0f52d0d6699306,coco,data/raw_smoke/coco/images/train2017/000000000271.jpg,images/train2017/000000000271.jpg,smoke coco scene 271,128,128,2b87c470345f619a1a422a026de51f72d14420e0447ee16b61915604c1c6b211,1,
coco_0eadf7b6fd1adcb79820f99f,coco,data/raw_smoke/coco/images/train2017/000000000272.jpg,images/train2017/000000000272.jpg,smoke coco scene 272,128,128,b63e6b959a02cde392044e026d45b79232d381a429ef0f1e97e4aa0342908887,1,
coco_f1ea9fad3307557f93129799,coco,data/raw_smoke/coco/images/train2017/000000000273.jpg,images/train2017/000000000273.jpg,smoke coco scene 273,128,128,015ac5c17d0e0be93fd0afab33dba3758e3699d44d1b178f6b72805c18cb6b91,1,
coco_ec1e159b2a36330078160108,coco,data/raw_smoke/coco/images/train2017/000000000274.jpg,images/train2017/000000000274.jpg,smoke coco scene 274,128,128,472423f74c4e992b71d3a90b15de6a14f4062fcb749f7b0fb2299ddec0c7f70a,1,
coco_9f324279bd660f73dc38bee2,coco,data/raw_smoke/coco/images/train2017/000000000275.jpg,images/train2017/000000000275.jpg,smoke coco scene 275,128,128,1109af9d7fbcbff1201e582ad6e759bbde68a6176f1faf9ee08134d26f6e2e09,1,
coco_d367eae7c8df3b5799948ad6,coco,data/raw_smoke/coco/images/train2017/000000000276.jpg,images/train2017/000000000276.jpg,smoke coco scene 276,128,128,7e97fb97b26a922f66fd20c7c858fa28b2a5e878782b4af5ad202f3a7d5b4628,1,
coco_9b9d2a28aef144081cc5b40c,coco,data/raw_smoke/coco/images/train2017/000000000277.jpg,images/train2017/000000000277.jpg,smoke coco scene 277,128,128,67a9b81e007bff6ca127552d545f91526f34021848e581d3d168621f218ea75e,1,
coco_4f5bb3c9291ad8a4995620b1,coco,data/raw_smoke/coco/images/train2017/000000000278.jpg,images/train2017/000000000278.jpg,smoke coco scene 278,128,128,6469a2d2b4c85fb35941f7f22ca8086a4f45398e3f7426934ba4207515dbd882,1,
coco_abc95ad742e4cae1c426f4ec,coco,data/raw_smoke/coco/images/train2017/000000000279.jpg,images/train2017/000000000279.jpg,smoke coco scene 279,128,128,38c9b9ea64d05fe4e1b5f26c903e3739ec2614389e42c9392136917308fb7690,1,
coco_80a394c2f2be6eaf908c89b8,coco,data/raw_smoke/coco/images/train2017/000000000280.jpg,images/train2017/000000000280.jpg,smoke coco scene 280,128,128,21056a6133d4a31a241f58e03262331e0f70062c12475f23fa7aa9284d2b1e0f,1,
coco_dad32b7cb8a5d98531ed77a2,coco,data/raw_smoke/coco/images/train2017/000000000281.jpg,images/train2017/000000000281.jpg,smoke coco scene 281,128,128,024f34e52fd59fc9667abac2f0c770e5c084881194eaa8b9858093bfd75117c1,1,
coco_8549fe91bfd326248e79d499,coco,data/raw_smoke/coco/images/train2017/000000000282.jpg,images/train2017/000000000282.jpg,smoke coco scene 282,128,128,ed74fd3781fe0285f4a307d5c9b026c5398d29c5984eb8ccbb8fe381d3746ee2,1,
coco_c6e17a37fd89981b86cdf2b6,coco,data/raw_smoke/coco/images/train2017/000000000283.jpg,images/train2017/000000000283.jpg,smoke coco scene 283,128,128,b519d63ca5e1e486927a4710e1eaf2f6a5d17b7c6c4c832cd077de66fad6caef,1,
coco_8f4c5a8ef1edb50d17b2d9b0,coco,data/raw_smoke/coco/images/train2017/000000000284.jpg,images/train2017/000000000284.jpg,smoke coco scene 284,128,128,0642abc6b6a707d4c9fed5e11a899a3262bad0e9fc8c1476180b0ec68e4dc053,1,
coco_8b286469a9e5b2d0746d672b,coco,data/raw_smoke/coco/images/train2017/000000000285.jpg,images/train2017/000000000285.jpg,smoke coco scene 285,128,128,9bbce9fe268c6f3b3bb40becb1ab3feb2b1b8a2e852ea70884af97f9c00a68b5,1,
coco_ec11fa22c70114ae33d1b7c6,coco,data/raw_smoke/coco/images/train2017/000000000286.jpg,images/train2017/000000000286.jpg,smoke coco scene 286,128,128,54346dbdf155f4c1bb99dd0407a1d17a9c30fa5ebd570279ec95b5e88a575499,1,
coco_220e16ab637a9b27e5463bb4,coco,data/raw_smoke/coco/images/train2017/000000000287.jpg,images/train2017/000000000287.jpg,smoke coco scene 287,128,128,5ec8b9e33b63198d1674fe57ec4b0d5d26a10ec14e50117e8466c39c766c34cf,1,
coco_dfc85f1bf03770acab62f430,coco,data/raw_smoke/coco/images/train2017/000000000288.jpg,images/train2017/000000000288.jpg,smoke coco scene 288,128,128,f367ab46a10bfbb0bf594be896dac63349dc447f90f70646a172133822d35dae,1,
coco_d7d39044f9c4bcbb653f5b50,coco,data/raw_smoke/coco/images/train2017/000000000289.jpg,images/train2017/000000000289.jpg,smoke coco scene 289,128,128,ab48047f36675292f1afbba9508dc50c192460270234051e9c3f09a99a323313,1,
coco_668f924fea0810e37b0231a6,coco,data/raw_smoke/coco/images/train2017/000000000290.jpg,images/train2017/000000000290.jpg,smoke coco scene 290,128,128,a83695445590220b9b94000117dbac7d6caa149d321dd089dbbd49d2b322cea7,1,
coco_99e1c441ee528c2b7d440e41,coco,data/raw_smoke/coco/images/train2017/000000000291.jpg,images/train2017/000000000291.jpg,smoke coco scene 291,128,128,0d320e73de1f6f6c97bc651df2fde41292b112957baa89c8d5457d99f453ede0,1,
coco_43c8b5946a8f66d619cc6c62,coco,data/raw_smoke/coco/images/train2017/000000000292.jpg,images/train2017/000000000292.jpg,smoke coco scene 292,128,128,62c9c6cd6f297bc4b0bdcd1b54572dfdd824ad5a6450483d45de689c568ba27c,1,
coco_86987f69453f16ff839ef38d,coco,data/raw_smoke/coco/images/train2017/000000000293.jpg,images/train2017/000000000293.jpg,smoke coco scene 293,128,128,dff903ac5abd4a1d740af9b8bbb9d77ef12f91bf62dee736b36ecdd033879992,1,
coco_989727ed8d6e1821e12827de,coco,data/raw_smoke/coco/images/train2017/000000000294.jpg,images/train2017/000000000294.jpg,smoke coco scene 294,128,128,35dd8106d2f16ea62754df32a223c44822dcb6018078b6fd38d0cb0d89676bb9,1,
coco_860184f973319c55d01c9e0f,coco,data/raw_smoke/coco/images/train2017/000000000295.jpg,images/train2017/000000000295.jpg,smoke coco scene 295,128,128,2fc9838b55dcfc20bbb159890fd09ab026accfd6d83e65a3c0547f0ec6583b49,1,
coco_da8be53f93faa339c2bafb1e,coco,data/raw_smoke/coco/images/train2017/000000000296.jpg,images/train2017/000000000296.jpg,smoke coco scene 296,128,128,d433d5d8967bf835409772ffb7ffd23ce6931372890a3c9d6c9b94ecd8156529,1,
coco_0f7ef3da9ae7b952ed6a6664,coco,data/raw_smoke/coco/images/train2017/000000000297.jpg,images/train2017/000000000297.jpg,smoke coco scene 297,128,128,ad12ecc4ffcaeb878aeb7a2f2556ed824711e39f36fbd9e0dad75a495684511e,1,
coco_e4bba4bcc79bc0274cce9d89,coco,data/raw_smoke/coco/images/train2017/000000000298.jpg,images/train2017/000000000298.jpg,smoke coco scene 298,128,128,baed07a85eba82b35dbc95c26435f94b5d12d45fdf3486d3364f52033cc943c2,1,
coco_bc05bb485c7b1862a1ed4408,coco,data/raw_smoke/coco/images/train2017/000000000299.jpg,images/train2017/000000000299.jpg,smoke coco scene 299,128,128,4f09f6fd4bd4f0d05ca5b09d0298a37d0e6d18201fe5b1d62bc19af0d872a8d0,1,
coco_f2f58e369ad7b5f800f86d62,coco,data/raw_smoke/coco/images/train2017/000000000300.jpg,images/train2017/000000000300.jpg,smoke coco scene 300,128,128,8af617c8dbd6a363fddd7e95b90a47b31a928b7b33e73268b9601acb650b7348,1,
coco_558e3a5afb2d9547ba1705ad,coco,data/raw_smoke/coco/images/train2017/000000000301.jpg,images/train2017/000000000301.jpg,smoke coco scene 301,128,128,c9195eee6175ac014f72eadf7347eeafcfc9123cd17e1dd7e67f97e3c7f8bc9a,1,
coco_aded444e0c718dc1b9e10342,coco,data/raw_smoke/coco/images/train2017/000000000302.jpg,images/train2017/000000000302.jpg,smoke coco scene 302,128,128,20652a3ab6036c87721b5d65319111389afb01ab2343904bb34842228baaf8d6,1,
coco_2a79e3dbd44c90edae83cdbb,coco,data/raw_smoke/coco/images/train2017/000000000303.jpg,images/train2017/000000000303.jpg,smoke coco scene 303,128,128,080f9a64ba249f6f71fe3a65338f610e49aa01f59979a3740d16237a1d839c88,1,
coco_b0a72eafe83b1dbff8aa78ad,coco,data/raw_smoke/coco/images/train2017/000000000304.jpg,images/train2017/000000000304.jpg,smoke coco scene 304,128,128,f18d482e2feadaecc3194ffe33541171ac1c0ce5b5b6de0ba0afa79f277bd345,1,
coco_1261d4f33df90af0a82cb1e8,coco,data/raw_smoke/coco/images/train2017/000000000305.jpg,images/train2017/000000000305.jpg,smoke coco scene 305,128,128,37421168d8d5da9a90ecbb41b56155f00e0f650b65d9e4bc81e4dfd058504962,1,
coco_b55eac44b09cd3483a06b451,coco,data/raw_smoke/coco/images/train2017/000000000306.jpg,images/train2017/000000000306.jpg,smoke coco scene 306,128,128,5183b25d343b1f81e1312795d4e2ed4ad3a1d07fa0802957c1abcf0fb61edbbe,1,
coco_47110bdedf6c493b076fa527,coco,data/raw_smoke/coco/images/train2017/000000000307.jpg,images/train2017/000000000307.jpg,smoke coco scene 307,128,128,0c19381c6b5bec34d7a7571b937954debe7ffa43faf596bb9d211a7ac8979775,1,
coco_30c1ea047de583f7a1eb3771,coco,data/raw_smoke/coco/images/train2017/000000000308.jpg,images/train2017/000000000308.jpg,smoke coco scene 308,128,128,2d171dbb6f00765f6803d0ccb7bae098943df111f131747809d6d55df8e593ac,1,
coco_a18788e3c34bd97c9c493e67,coco,data/raw_smoke/coco/images/train2017/000000000309.jpg,images/train2017/000000000309.jpg,smoke coco scene 309,128,128,e665486f5b78328e259e92f840811f01bed9da3e396cd3161ea038ae60330229,1,
coco_f92a94284eaa7cea4fc6e4a8,coco,data/raw_smoke/coco/images/train2017/000000000310.jpg,images/train2017/000000000310.jpg,smoke coco scene 310,128,128,73d4e98897b1a272117c8be42e366b091262a8bb55793a0deed6cec572157cf7,1,
coco_3fb3d32bfca29ca284dd7e1c,coco,data/raw_smoke/coco/images/train2017/000000000311.jpg,images/train2017/000000000311.jpg,smoke coco scene 311,128,128,aaa5b966dde5cd950a2eb365f3c584611d7b9bf8f4bbf160b022639c483df0bc,1,
coco_b609111cb64ce243030c4d64,coco,data/raw_smoke/coco/images/train2017/000000000312.jpg,images/train2017/000000000312.jpg,smoke coco scene 312,128,128,b47c01e4af7ef0a1ab82f505bc425208e3f5ef612d0a28c879d22333e5a3e6a8,1,
coco_f4150b22ab2f710979df692d,coco,data/raw_smoke/coco/images/train2017/000000000313.jpg,images/train2017/000000000313.jpg,smoke coco scene 313,128,128,967cddb5d2860e82e8dbed6a6f9f7c442585cdaab10900e65cf163dbdbf1fbfa,1,
coco_1aae541a8ac7ee02ff93e0e3,coco,data/raw_smoke/coco/images/train2017/000000000314.jpg,images/train2017/000000000314.jpg,smoke coco scene 314,128,128,3f3437ae18e139feee8e7bc54e5456da592c1a44e182d0aef011d045d5beedfe,1,
coco_bdc0046368865e9dfe11f407,coco,data/raw_smoke/coco/images/train2017/000000000315.jpg,images/train2017/000000000315.jpg,smoke coco scene 315,128,128,c5bceacebc102e94ac0a5881cd75d86ce0b6b960494b2dab3826d8b4a1b3aba0,1,
coco_61745c6e2ddad72a90fcd5fd,coco,data/raw_smoke/coco/images/train2017/000000000316.jpg,images/train2017/000000000316.jpg,smoke coco scene 316,128,128,177ab3d2c644d394c8e9253e4b9be35d5d9cd342f848d64044066dca23ab39bb,1,
coco_afb47f740b4089d209fcf50f,coco,data/raw_smoke/coco/images/train2017/000000000317.jpg,images/train2017/000000000317.jpg,smoke coco scene 317,128,128,124f1402b772889c52b1a6d831ee146ad8bd10a4e57efae47b3270b917cd52ce,1,
coco_b9f38160f673b924d590f71b,coco,data/raw_smoke/coco/images/train2017/000000000318.jpg,images/train2017/000000000318.jpg,smoke coco scene 318,128,128,7970a426c5cedd2346d891f90d4dfe6ca44175c31c7cdce5cbb2ec536b702199,1,
coco_b3c6c3161aa1d310fbc43251,coco,data/raw_smoke/coco/images/train2017/000000000319.jpg,images/train2017/000000000319.jpg,smoke coco scene 319,128,128,dbaeedbc792bf99657375f60b1714582d9122c4024beeeb48fc7f587c5da8b35,1,
coco_5fb60767010f4bb98a121c43,coco,data/raw_smoke/coco/images/train2017/000000000320.jpg,images/train2017/000000000320.jpg,smoke coco scene 320,128,128,f32970eff815e99848c89a794b634f7ad147c3ee915c92b14d803b09db919d95,1,
coco_9c3a020ab739bf870afefa23,coco,data/raw_smoke/coco/images/train2017/000000000321.jpg,images/train2017/000000000321.jpg,smoke coco scene 321,128,128,0e026a8dee233130d4cd71c74dd1001e5f62751364e9c45a80be0319bc995484,1,
coco_30dde655f7b792a8e041317c,coco,data/raw_smoke/coco/images/train2017/000000000322.jpg,images/train2017/000000000322.jpg,smoke coco scene 322,128,128,e3b43b3ee032a5d3a7b4fdccf8451401b24b170c721415cca028d576bb51b213,1,
coco_bebf5f9add035b8179bb24f6,coco,data/raw_smoke/coco/images/train2017/000000000323.jpg,images/train2017/000000000323.jpg,smoke coco scene 323,128,128,4f8237b7762534c4fe27d9886e360b59bb30a0ca4c97475d7647f8df2093eab1,1,
coco_6304aa996d0a0d376ad9a002,coco,data/raw_smoke/coco/images/train2017/000000000324.jpg,images/train2017/000000000324.jpg,smoke coco scene 324,128,128,43b340954d48f72e1ee88058f21f78b7f266f422ce43be11809c5f0aa7c96e74,1,
coco_fb3b14a7a0f4ead7ae7b29fe,coco,data/raw_smoke/coco/images/train2017/000000000325.jpg,images/train2017/000000000325.jpg,smoke coco scene 325,128,128,0563d35f4d27785cb1bfcf59f43b9ab2a79fd4881d1e85ec6d53e72f1af591e4,1,
coco_cf1d7169667c7e9b42ff8130,coco,data/raw_smoke/coco/images/train2017/000000000326.jpg,images/train2017/000000000326.jpg,smoke coco scene 326,128,128,2ced9146e34ffc4d6c6a3aaa63ee69829928d819c4fa6219954135adf7004d9b,1,
coco_8a701a0e97517cda30081dfb,coco,data/raw_smoke/coco/images/train2017/000000000327.jpg,images/train2017/000000000327.jpg,smoke coco scene 327,128,128,40df8ba2ea3f2fa2cfdba930750c72e01147eb0a99cfb937c4fa2fd11ceb5267,1,
coco_b75728fd1d668e68390571aa,coco,data/raw_smoke/coco/images/train2017/000000000328.jpg,images/train2017/000000000328.jpg,smoke coco scene 328,128,128,766afac0b549c74fcf4555c4d1080fae72ddddd33fe30b5a3172c7766ede9376,1,
coco_5d62fc0a987ffd43b4458707,coco,data/raw_smoke/coco/images/train2017/000000000329.jpg,images/train2017/000000000329.jpg,smoke coco scene 329,128,128,6312efdb942250059b995407c9788005cfb1608a1ae5b8819572deb5de9f575d,1,
coco_52aaa434a4a241aa72284f02,coco,data/raw_smoke/coco/images/train2017/000000000330.jpg,images/train2017/000000000330.jpg,smoke coco scene 330,128,128,0d7a2cbcf41dcc176f6bfb69cfc89458b405fe203c9f161e6083d333397e88c2,1,
coco_71aa5eece8a6c861d612799c,coco,data/raw_smoke/coco/images/train2017/000000000331.jpg,images/train2017/000000000331.jpg,smoke coco scene 331,128,128,1f0b730af40c11aa61c9e7531904b8156e3e8037b75e430543dd7628cf0e472e,1,
coco_41be427f2ce1609a877589a2,coco,data/raw_smoke/coco/images/train2017/000000000332.jpg,images/train2017/000000000332.jpg,smoke coco scene 332,128,128,6d10cca2506a0ce9e57579a5e155b94f2480061e8377aba42b21294aee92ebc7,1,
coco_bc6000ab151ccf85edbfe391,coco,data/raw_smoke/coco/images/train2017/000000000333.jpg,images/train2017/000000000333.jpg,smoke coco scene 333,128,128,91af929c66417fc7e7f741c5e371d2db8121b8e4691a868339b867cb998040f6,1,
coco_0d3d1916ce0e38cf9e2260c8,coco,data/raw_smoke/coco/images/train2017/000000000334.jpg,images/train2017/000000000334.jpg,smoke coco scene 334,128,128,f1c285b7f031239b0b62a1cebf819735fe29000821fe56cd279a5b02891c63d4,1,
coco_52b66cbdf6089f4a0dbb9ec2,coco,data/raw_smoke/coco/images/train2017/000000000335.jpg,images/train2017/000000000335.jpg,smoke coco scene 335,128,128,86479713861598ae0a87032fb78ea1e50d56d5b3e63d0bbe435b179f698151e6,1,
coco_f4f8ab6f279dfd0948baf55c,coco,data/raw_smoke/coco/images/train2017/000000000336.jpg,images/train2017/000000000336.jpg,smoke coco scene 336,128,128,1c253cf9a1643285ac45a28e0ae534d1f2e63cc1ed108639a61cd77e74c9d319,1,
coco_4ceecb537df4004d50fe4837,coco,data/raw_smoke/coco/images/train2017/000000000337.jpg,images/train2017/000000000337.jpg,smoke coco scene 337,128,128,0e3254ebdad2bcd762292ccda90543bac6b7b9cee9ded39ad7f69bc00fdd1c97,1,
coco_b0d9cfa1694b5417b78f8c6a,coco,data/raw_smoke/coco/images/train2017/000000000338.jpg,images/train2017/000000000338.jpg,smoke coco scene 338,128,128,8bed27636f6b99541305f65b67f0b597abb802521be91fd559539291a1297332,1,
coco_2f13d2fa8871607da87e8cd0,coco,data/raw_smoke/coco/images/train2017/000000000339.jpg,images/train2017/000000000339.jpg,smoke coco scene 339,128,128,590c56957bb78673979df9fb16176b92ff42c21440a3307d624b64efcf6543ef,1,
coco_27156729b41d68fba7f7a851,coco,data/raw_smoke/coco/images/train2017/000000000340.jpg,images/train2017/000000000340.jpg,smoke coco scene 340,128,128,b8c7404cbba984000f6d64d9a254ccf3612a7107c891bbc7c78b00ee2c6c47be,1,
coco_9066c465d541351ccef7e59f,coco,data/raw_smoke/coco/images/train2017/000000000341.jpg,images/train2017/000000000341.jpg,smoke coco scene 341,128,128,618d8b8d5c31ff13a40a7e99a4afa2a85ab9c20a862f7a5bc0bf11742e714fee,1,
coco_28d39c80cea4f1cb58599295,coco,data/raw_smoke/coco/images/train2017/000000000342.jpg,images/train2017/000000000342.jpg,smoke coco scene 342,128,128,76ccb773a07ab0d0bc2400cf822d2e4b2135330169b5b80684814b8e4cf742fe,1,
coco_0891cbf1aa71ff7807f4a4be,coco,data/raw_smoke/coco/images/train2017/000000000343.jpg,images/train2017/000000000343.jpg,smoke coco scene 343,128,128,4a00daa8854e2be3af5d4c388a0aeb463fec85e93e8989f4d49cb8b858c7829a,1,
coco_233f15f62fe7b7930d226c92,coco,data/raw_smoke/coco/images/train2017/000000000344.jpg,images/train2017/000000000344.jpg,smoke coco scene 344,128,128,de4be885546b9110f51beb78d605bd61ac85b73330807b057c1fb4a13b67ada8,1,
coco_1fee296e47a5d53fd7086cb4,coco,data/raw_smoke/coco/images/train2017/000000000345.jpg,images/train2017/000000000345.jpg,smoke coco scene 345,128,128,bfb7e3caec9cb004a180e3908470df2d26b8968553a52a1ad607afe3e077be49,1,
coco_b4e89496006c366df59a4aac,coco,data/raw_smoke/coco/images/train2017/000000000346.jpg,images/train2017/000000000346.jpg,smoke coco scene 346,128,128,5a0dc3f02708f7cab377386bf642d60b50a4bc66556008cb258051ae0edf7a0e,1,
coco_697b92dbcfd7a88f3d0a26f4,coco,data/raw_smoke/coco/images/train2017/000000000347.jpg,images/train2017/000000000347.jpg,smoke coco scene 347,128,128,47359d5944530a857375d00675146495e0b81ac21994a5ec3bebd709dfc4e90c,1,
coco_2dbfc2b4678daf35391c0ff4,coco,data/raw_smoke/coco/images/train2017/000000000348.jpg,images/train2017/000000000348.jpg,smoke coco scene 348,128,128,4c9a6f183b234fcb80ea33f5f50c8c6a88a61b29d35361cecfb341aaa765b1d5,1,
coco_1aea0502435b0b689c526819,coco,data/raw_smoke/coco/images/train2017/000000000349.jpg,images/train2017/000000000349.jpg,smoke coco scene 349,128,128,dfeabeb25b9640009f50879d94f968940a790f65392b8d0a765626404f4f2c64,1,
coco_48adc89b8b514428f82fba4f,coco,data/raw_smoke/coco/images/train2017/000000000350.jpg,images/train2017/000000000350.jpg,smoke coco scene 350,128,128,d73f58a1457d26feff2bd1034f953d338c7e3b3ca4b3bf86f0c4af2ae8c733ac,1,
coco_3509751d9a2290a6105ac249,coco,data/raw_smoke/coco/images/train2017/000000000351.jpg,images/train2017/000000000351.jpg,smoke coco scene 351,128,128,25daf090c2dc6547c91c53dc2a6f42cf952be9f35fec177e84ee1c29a710adec,1,
coco_b08d4dadca3a57c4f822e398,coco,data/raw_smoke/coco/images/train2017/000000000352.jpg,images/train2017/000000000352.jpg,smoke coco scene 352,128,128,9001f3d3bc091702756140a35f5c8be62a9227450750e59b78c8aed1753026ef,1,
coco_40eb1adb1656113a2c14853f,coco,data/raw_smoke/coco/images/train2017/000000000353.jpg,images/train2017/000000000353.jpg,smoke coco scene 353,128,128,4e9a90655e15463ddca751673d12ab10ec7f81c9447311a5de67390849cca461,1,
coco_6b5479de9f17db628c6844d2,coco,data/raw_smoke/coco/images/train2017/000000000354.jpg,images/train2017/000000000354.jpg,smoke coco scene 354,128,128,0152b21c62a2d54f4a588fec778dfed18afb3d2cb41af4a3e77a38a2a26e1460,1,
coco_951206332731decbfb56f8c4,coco,data/raw_smoke/coco/images/train2017/000000000355.jpg,images/train2017/000000000355.jpg,smoke coco scene 355,128,128,a74f49f6a033c246bba4f663489b68c0e3e94e5bf474f97fc6911b0447f14d85,1,
coco_4c1ed991d7bc7109435640f1,coco,data/raw_smoke/coco/images/train2017/000000000356.jpg,images/train2017/000000000356.jpg,smoke coco scene 356,128,128,bc6f32b7d69308ce5eafb3c0f39a3aba79bb6fb889cdf3a14fd1360d6461c581,1,
coco_576cbdc27c655c8e6bb2ade6,coco,data/raw_smoke/coco/images/train2017/000000000357.jpg,images/train2017/000000000357.jpg,smoke coco scene 357,128,128,c515b05b3bf8821d8e0f83a0e2c6608b1611e6d3a196846e990f0e049d35dba1,1,
coco_84ed66c8bbf6dbca16df4bdd,coco,data/raw_smoke/coco/images/train2017/000000000358.jpg,images/train2017/000000000358.jpg,smoke coco scene 358,128,128,88980fd7a60545558711e11fa27067e18facd90c78512ded160907603bd3bdb8,1,
coco_733b90e6d11c17a5d6c0df5f,coco,data/raw_smoke/coco/images/train2017/000000000359.jpg,images/train2017/000000000359.jpg,smoke coco scene 359,128,128,642b5753e4cc275d6ab179b34a6b63918609cb1ed3f78a8f89d44b27c8616598,1,
coco_cc6035aea8d8aa37ebbe76e9,coco,data/raw_smoke/coco/images/train2017/000000000360.jpg,images/train2017/000000000360.jpg,smoke coco scene 360,128,128,89f06053eb26ceea2adbed4f9f1a0cf455666af131a38f2c468263b037779963,1,
coco_ca8912683a2b6a3362361e24,coco,data/raw_smoke/coco/images/train2017/000000000361.jpg,images/train2017/000000000361.jpg,smoke coco scene 361,128,128,5f6d0fc9a230a8532982f25ea3226d6c6d3b6cbf7a5ebfed291f141ca27e4157,1,
coco_b82603efdd95ae5629c85df7,coco,data/raw_smoke/coco/images/train2017/000000000362.jpg,images/train2017/000000000362.jpg,smoke coco scene 362,128,128,05e43662ed4dfd5e25c82d7f1d8946701e0c579cfd402d6dd418bacba45ab559,1,
coco_eb3db350fd24c1b3d584e559,coco,data/raw_smoke/coco/images/train2017/000000000363.jpg,images/train2017/000000000363.jpg,smoke coco scene 363,128,128,4bf5e8a37f8245b007fd419686938edffc99bdf615c7b41fd772ba13b64d9f4d,1,
coco_16b8ee8c134417da1b2bf12d,coco,data/raw_smoke/coco/images/train2017/000000000364.jpg,images/train2017/000000000364.jpg,smoke coco scene 364,128,128,b46297fc82d664b17540b00dafecd952a8ae4067a89eb27afa39dd8c50d54ec9,1,
coco_6d3591241e48d7e0d864776c,coco,data/raw_smoke/coco/images/train2017/000000000365.jpg,images/train2017/000000000365.jpg,smoke coco scene 365,128,128,ac57fcabbf03342056a9d39228df6fb5cb4c1a3ebe4397212c00855aabe57377,1,
coco_83e9aff4d2b2de52d3c0b842,coco,data/raw_smoke/coco/images/train2017/000000000366.jpg,images/train2017/000000000366.jpg,smoke coco scene 366,128,128,6df72673c21933aabd1b7067819ccee75aa783d8d2c6e2a35cc3e63aa05bc0a3,1,
coco_084a08efbe49d0949f5e2843,coco,data/raw_smoke/coco/images/train2017/000000000367.jpg,images/train2017/000000000367.jpg,smoke coco scene 367,128,128,c91201a8e7002208a8eb952a85d644491abe96faf3d85247711bfe7e5042634b,1,
coco_f3a4b04bb592194b0db9d115,coco,data/raw_smoke/coco/images/train2017/000000000368.jpg,images/train2017/000000000368.jpg,smoke coco scene 368,128,128,ed64b952b72e51286f36b026f9b2074a3883b4bfe4a3ecd08d83aeedba0e5294,1,
coco_481719dc9aa06129789ea599,coco,data/raw_smoke/coco/images/train2017/000000000369.jpg,images/train2017/000000000369.jpg,smoke coco scene 369,128,128,9dc398d8406a08a4de36663b819018392595e17a0421fca56bdc26c1c791e8ca,1,
coco_b674456fb060d2f97a3e4f3b,coco,data/raw_smoke/coco/images/train2017/000000000370.jpg,images/train2017/000000000370.jpg,smoke coco scene 370,128,128,6133276ae1b0a1a13b4cf126fef0402b676c0ae39a584cab35aeba19494594a4,1,
coco_0c28d752cbd78487e3f8af41,coco,data/raw_smoke/coco/images/train2017/000000000371.jpg,images/train2017/000000000371.jpg,smoke coco scene 371,128,128,9ef3550884ef011031d148065cce76b7eeb4afe950859f086219add85c68e50e,1,
coco_5392c8d8c491137a7320e45f,coco,data/raw_smoke/coco/images/train2017/000000000372.jpg,images/train2017/000000000372.jpg,smoke coco scene 372,128,128,e3808fc298b39b23e02ae57145c68990c15cbade87ebdc7f133e3e6e626601c7,1,
coco_557741d47ba9212a2e19f62c,coco,data/raw_smoke/coco/images/train2017/000000000373.jpg,images/train2017/000000000373.jpg,smoke coco scene 373,128,128,497138371af471fe73a5407507b902b90c5f894ee0ec791ea04cf1e2c78d7be8,1,
coco_14a64b73e66f4961ce198a42,coco,data/raw_smoke/coco/images/train2017/000000000374.jpg,images/train2017/000000000374.jpg,smoke coco scene 374,128,128,9818aaa9e69eb1189d05949968893941d73262e5ed0fdc02877de8e840dab888,1,
coco_8154c3aab75ec998685fa167,coco,data/raw_smoke/coco/images/train2017/000000000375.jpg,images/train2017/000000000375.jpg,smoke coco scene 375,128,128,86db150e75e88f93420aa812c6954ddf31a74d9bec1977fce9b3c78cd05cc933,1,
coco_ff4531080f2cf3092d792f32,coco,data/raw_smoke/coco/images/train2017/000000000376.jpg,images/train2017/000000000376.jpg,smoke coco scene 376,128,128,e41e5757c53a21fb766202d30f60b9c1a9ab105bdae83a5a029b852c47df4927,1,
coco_9e5a2f5248e54b120876068f,coco,data/raw_smoke/coco/images/train2017/000000000377.jpg,images/train2017/000000000377.jpg,smoke coco scene 377,128,128,224c90f970177010d7d3ad394bba4b01eb91670c87e0b8b4c8e624cbb15c21aa,1,
coco_0a7699f0523d8121b46f5463,coco,data/raw_smoke/coco/images/train2017/000000000378.jpg,images/train2017/000000000378.jpg,smoke coco scene 378,128,128,accbc5b0c50f87bbc55ad9e3402458a5a861c0c008ccf9f6668e7e140e46fe4b,1,
coco_d09c3bb7e2eefb47fecb16b6,coco,data/raw_smoke/coco/images/train2017/000000000379.jpg,images/train2017/000000000379.jpg,smoke coco scene 379,128,128,2447c3f3cec7901ad60cd4b9da9879008839dff9c7be976ec4a2845ba708a79f,1,
coco_51506d51a8a2f9ccdb6fd5db,coco,data/raw_smoke/coco/images/train2017/000000000380.jpg,images/train2017/000000000380.jpg,smoke coco scene 380,128,128,6960ef524f252adba5b01f74b4492ca244a3426c88c24146caba1843e901c07f,1,
coco_a1de2844b50cbdaa6ac1c81a,coco,data/raw_smoke/coco/images/train2017/000000000381.jpg,images/train2017/000000000381.jpg,smoke coco scene 381,128,128,1784ce148bab9cd2e51384ef009aa8a81624b19e8b9c39ec9c08c2c23bf13462,1,
coco_d0278254ece9c2214b82e6f7,coco,data/raw_smoke/coco/images/train2017/000000000382.jpg,images/train2017/000000000382.jpg,smoke coco scene 382,128,128,4920b80dd61fe9294b64ee265120833a4f77ee98c23656cc30a0c31d5c378dd8,1,
coco_4ba2fa8eb1a89a27cdfa1bf7,coco,data/raw_smoke/coco/images/train2017/000000000383.jpg,images/train2017/000000000383.jpg,smoke coco scene 383,128,128,d605517e3bf1f813d82e01049fd80b57fe83b1339f0f5cf34f7f8ea0323fcf79,1,
coco_69e79b222abb23554307258a,coco,data/raw_smoke/coco/images/train2017/000000000384.jpg,images/train2017/000000000384.jpg,smoke coco scene 384,128,128,16c39ada72503f54b8349121a911cd23ae4c4ad218dc330815f8de9899be26fb,1,
coco_958fac7abc09142fbd8513cf,coco,data/raw_smoke/coco/images/train2017/000000000385.jpg,images/train2017/000000000385.jpg,smoke coco scene 385,128,128,f4986b6ae4269cfc4ddbcea4d37f8fa4515f092a8617a7090c167540bcce8a9a,1,
coco_de9a0be664531eb49b071f72,coco,data/raw_smoke/coco/images/train2017/000000000386.jpg,images/train2017/000000000386.jpg,smoke coco scene 386,128,128,411161ba4c1c1ae608ae53254d4b4b45d43b2aef96e0b22289ec0ee28fd0d11c,1,
coco_6da908a7c589d093d197f8b5,coco,data/raw_smoke/coco/images/train2017/000000000387.jpg,images/train2017/000000000387.jpg,smoke coco scene 387,128,128,d7616a48deefa74fcd10b131e29faa3d2caf2864212ef034fd84ac986edb0957,1,
coco_031c6a6273605358301523a1,coco,data/raw_smoke/coco/images/train2017/000000000388.jpg,images/train2017/000000000388.jpg,smoke coco scene 388,128,128,304f16571359b3efd23329d67a0825662e59e04bbcfb6735f4a09a082e7b64bb,1,
coco_f08a84e205e908a15be6815b,coco,data/raw_smoke/coco/images/train2017/000000000389.jpg,images/train2017/000000000389.jpg,smoke coco scene 389,128,128,1c72443813e8d124debb04a3b7e876689883404b26e04c2fc9d3127b351c1a69,1,
coco_83fad408819f4ca0d9c3e0ed,coco,data/raw_smoke/coco/images/train2017/000000000390.jpg,images/train2017/000000000390.jpg,smoke coco scene 390,128,128,0e4e827f0425ebc12665642121c7b18b7d2e7bc20238b66f1dd9f6ea526d4925,1,
coco_05447ad3ba7346c122d14262,coco,data/raw_smoke/coco/images/train2017/000000000391.jpg,images/train2017/000000000391.jpg,smoke coco scene 391,128,128,209f5e739c8a25c6b494a9d0235cbf09a0a700cf48109e7d65297fc2989730c8,1,
coco_ca58c46ff7dab418f641d07f,coco,data/raw_smoke/coco/images/train2017/000000000392.jpg,images/train2017/000000000392.jpg,smoke coco scene 392,128,128,61c487ba59e22f1170437222cd68f518f869b3c5bfff7e56ba3bc3a8f3ffabcd,1,
coco_aaed1a357926be94c3809240,coco,data/raw_smoke/coco/images/train2017/000000000393.jpg,images/train2017/000000000393.jpg,smoke coco scene 393,128,128,fb100488da3161c2f66546cac226522020fee35d45feda380631fe7f42498228,1,
coco_619a8dca373f138c26a2dc61,coco,data/raw_smoke/coco/images/train2017/000000000394.jpg,images/train2017/000000000394.jpg,smoke coco scene 394,128,128,a00d0c5883eadb8fb3434e0068f1ff31eb16d8ad0a97ffa141fa8bdf6a34eec4,1,
coco_2724b00b50b1752f2b306ece,coco,data/raw_smoke/coco/images/train2017/000000000395.jpg,images/train2017/000000000395.jpg,smoke coco scene 395,128,128,e37e44d8a4a0477ce4761bffb505057c89fcea900e5facdbc7c7d4e92217ec8e,1,
coco_ebcea68fc181e7454ca06c7f,coco,data/raw_smoke/coco/images/train2017/000000000396.jpg,images/train2017/000000000396.jpg,smoke coco scene 396,128,128,349369104e4d6addc7bd8238b6b1b1abf2c3a9d1dd1052445079550078f19510,1,
coco_883df06342462217e9076a84,coco,data/raw_smoke/coco/images/train2017/000000000397.jpg,images/train2017/000000000397.jpg,smoke coco scene 397,128,128,9417a86376a29716f8fd97ab61b13fd2d49dc8f942665ff1cc027634c7a864f8,1,
coco_62034323c4f5fc4b4a9d8856,coco,data/raw_smoke/coco/images/train2017/000000000398.jpg,images/train2017/000000000398.jpg,smoke coco scene 398,128,128,698f63547bccb1120223d6a63a47a7e599fbbb2d1c532bdbfce5061e4f8c8800,1,
coco_8055efa4432830f43e6f4a8d,coco,data/raw_smoke/coco/images/train2017/000000000399.jpg,images/train2017/000000000399.jpg,smoke coco scene 399,128,128,bff0dda611653be24209378ef0cff31f155c73bdf211beec10ff2b4bfac04aa5,1,
coco_658193225f8f1f9c99151cbd,coco,data/raw_smoke/coco/images/train2017/000000000400.jpg,images/train2017/000000000400.jpg,smoke coco scene 400,128,128,6b736d83dce6adf875c70b792d25666def587824617fe26a042fe431eba1f192,1,
openimages_04a543caa5a15bf32ab6ccd0,openimages,data/raw_smoke/openimages/images/train/open_000000.jpg,images/train/open_000000.jpg,smoke open image 0,128,128,b0bc1e24556db33bd75a17a119bbcc767cd4171bee1e2535d7829da05097b9f4,1,
openimages_8cf2b911dcb14c344eb9d227,openimages,data/raw_smoke/openimages/images/train/open_000001.jpg,images/train/open_000001.jpg,smoke open image 1,128,128,15a2e8b993de842df6b4c1d8edfb17851a8c0cdf2f4b1b0306fcd9d49d659fa9,1,
openimages_a9b72d01663d7e5a715b7b3a,openimages,data/raw_smoke/openimages/images/train/open_000002.jpg,images/train/open_000002.jpg,smoke open image 2,128,128,3ebf8a7cffbece1607481cdbb4cce24cb59c6732a8cae48fccf5b2a5386277cc,1,
openimages_6859bf5fae3627d9a0d2be91,openimages,data/raw_smoke/openimages/images/train/open_000003.jpg,images/train/open_000003.jpg,smoke open image 3,128,128,656c5ed95d1630f9b672d58c839571f40bd0dbce58d887b887d957754f0ba8cf,1,
openimages_b79c6a2d1e9a76efc2fbda4c,openimages,data/raw_smoke/openimages/images/train/open_000004.jpg,images/train/open_000004.jpg,smoke open image 4,128,128,b43a6a7a261e66707d14bb4e64de62bb23837fba0b8ac4de99698566de3b3e95,1,
openimages_c1d5f508257a26323536d258,openimages,data/raw_smoke/openimages/images/train/open_000005.jpg,images/train/open_000005.jpg,smoke open image 5,128,128,7b9815ef13487c0317538f59390a8f8f2e16bafe0df6834491e85d9c5af2936d,1,
openimages_8eddade05795562393af674a,openimages,data/raw_smoke/openimages/images/train/open_000006.jpg,images/train/open_000006.jpg,smoke open image 6,128,128,5f4327ab3a633fbab2152afb1db5206711762a86f6cdb6de6ae030a16f4944b3,1,
openimages_bcaad781b92b9da8a7eb97af,openimages,data/raw_smoke/openimages/images/train/open_000007.jpg,images/train/open_000007.jpg,smoke open image 7,128,128,83b7a047ed45a7afe3f1b73f1737723a3584ed9749c44284e4acc4f9aa2611d7,1,
openimages_43ee9c9d35c9dbade29d57a6,openimages,data/raw_smoke/openimages/images/train/open_000008.jpg,images/train/open_000008.jpg,smoke open image 8,128,128,28e634f430ceab75a0688d70ef75b40b446a4a3091b6bca4f629089178af0c35,1,
openimages_949a4cd6421206b49f1d335d,openimages,data/raw_smoke/openimages/images/train/open_000009.jpg,images/train/open_000009.jpg,smoke open image 9,128,128,ecd29eeae3ff83f58bd8b5b2de403d2d89ec826dd0f1ddafcac0ea686d9755a4,1,
openimages_987a9eeb344cb1d3eae4e514,openimages,data/raw_smoke/openimages/images/train/open_000010.jpg,images/train/open_000010.jpg,smoke open image 10,128,128,1c0fefd84de904b45edb9aa72159c9c89a45f5599459adff27909d890e6a02a5,1,
openimages_b9522cba5822680e0390ad8c,openimages,data/raw_smoke/openimages/images/train/open_000011.jpg,images/train/open_000011.jpg,smoke open image 11,128,128,1912b42caf2ef90cbcf9861e5021104e419943005253a51fdc1d9460e79d47c3,1,
openimages_0316bf6e7b1d98841497a6d8,openimages,data/raw_smoke/openimages/images/train/open_000012.jpg,images/train/open_000012.jpg,smoke open image 12,128,128,1bc94f9893d05101b425e5137bee5fb8c2440f8f01d1dc2944bb87871b9a6c13,1,
openimages_eabb58d56ddb5e4c793aa610,openimages,data/raw_smoke/openimages/images/train/open_000013.jpg,images/train/open_000013.jpg,smoke open image 13,128,128,7d49246b2a7996389858df8ad355d464722fbf4c085915c0b1dc3ee9bbe4f20f,1,
openimages_23b2a19b558080603d07a6e1,openimages,data/raw_smoke/openimages/images/train/open_000014.jpg,images/train/open_000014.jpg,smoke open image 14,128,128,0c480852cfc3439d0e6d665257e022c0736cee4ba647114bedff6f31aee10059,1,
openimages_5095d0798be78ce19e9512bb,openimages,data/raw_smoke/openimages/images/train/open_000015.jpg,images/train/open_000015.jpg,smoke open image 15,128,128,2a35882486ed6c1a67bb2c9300543ee0b285818192fa850ecc04c4d0e55a877c,1,
openimages_e53c3d5284839e76ccf746e5,openimages,data/raw_smoke/openimages/images/train/open_000016.jpg,images/train/open_000016.jpg,smoke open image 16,128,128,43c83018878cda10b4d76830b6ae19caaa836b3ed5ead73aa663ddf915795348,1,
openimages_2715cd367b05e4a1cba9a1d7,openimages,data/raw_smoke/openimages/images/train/open_000017.jpg,images/train/open_000017.jpg,smoke open image 17,128,128,3802dcf66da47be5e66e65df6d0b944fb752e15ea865c2f98b6fefab8bed92c2,1,
openimages_75ac99add07220da679a3c28,openimages,data/raw_smoke/openimages/images/train/open_000018.jpg,images/train/open_000018.jpg,smoke open image 18,128,128,152d2b0faffd7919826a4b98c3e7a970c19b91fe527e0aef1d6b0814f7540087,1,
openimages_b947400b82a50a5b923bd148,openimages,data/raw_smoke/openimages/images/train/open_000019.jpg,images/train/open_000019.jpg,smoke open image 19,128,128,d59768910d721a00f4efd5f5f654a9867d7f843fc51b279e73872a2a7dadb5fb,1,
openimages_b07baa546acfb6281b8396cb,openimages,data/raw_smoke/openimages/images/train/open_000020.jpg,images/train/open_000020.jpg,smoke open image 20,128,128,99e8774ad6d40692e234b1011cc284544144e227758fbfd6e317ae8ab12505cb,1,
openimages_4068ea3ccb96be298f739067,openimages,data/raw_smoke/openimages/images/train/open_000021.jpg,images/train/open_000021.jpg,smoke open image 21,128,128,91ce3443bf2b59dd00988e4f371e9186a9b8dec19082b29b1129a964d904aae0,1,
openimages_5eafe11e8ea21b144a7d72c5,openimages,data/raw_smoke/openimages/images/train/open_000022.jpg,images/train/open_000022.jpg,smoke open image 22,128,128,1d845e0ca541eb89072657bb229dcd4756a56ef5125e2707f0246af9d818d423,1,
openimages_50bb890a1080c2af3fbd3d0c,openimages,data/raw_smoke/openimages/images/train/open_000023.jpg,images/train/open_000023.jpg,smoke open image 23,128,128,11a685662a27d11209afd9fe8adcf77b33416d95644d60bf60a28dc0eca0597e,1,
openimages_5b4bc456f06445d87a8b54f8,openimages,data/raw_smoke/openimages/images/train/open_000024.jpg,images/train/open_000024.jpg,smoke open image 24,128,128,c94dcdf47311510304133eaeb00083efd66b6bacc28580b7be3764ab9efebf2a,1,
openimages_65ae507205341d17f98b5ea8,openimages,data/raw_smoke/openimages/images/train/open_000025.jpg,images/train/open_000025.jpg,smoke open image 25,128,128,50c780404ae88470a090011ea291fd654d5adfd23540a7ae2e24fe450ca92eba,1,
openimages_e2b8c1db19ca346e947abcf5,openimages,data/raw_smoke/openimages/images/train/open_000026.jpg,images/train/open_000026.jpg,smoke open image 26,128,128,7ec4a365703be5cd8d59b920175e8618c9b9607bb0b5e4b7fb54b12bcdd92f1c,1,
openimages_bd48c1e0493a87b881b9db82,openimages,data/raw_smoke/openimages/images/train/open_000027.jpg,images/train/open_000027.jpg,smoke open image 27,128,128,5aba5a867502945782e09bd3dea93ea05960bc69980d9d1b235d5f3d78992842,1,
openimages_16c3cdc784fee41ffc56f9d3,openimages,data/raw_smoke/openimages/images/train/open_000028.jpg,images/train/open_000028.jpg,smoke open image 28,128,128,d21a18f30946e2f2072ea3185605ed31014a198160eca0907041fec2c7071fd8,1,
openimages_f6f8ae38ba9ef865146161ac,openimages,data/raw_smoke/openimages/images/train/open_000029.jpg,images/train/open_000029.jpg,smoke open image 29,128,128,7dfef63c255affc6f70bd716257a1293ecf406db2bef477fa5616760a4b9d675,1,
openimages_a9a16afd2158e132caac5bc3,openimages,data/raw_smoke/openimages/images/train/open_000030.jpg,images/train/open_000030.jpg,smoke open image 30,128,128,372c1cda0f173bf4f3904aabd8afd3fcb5fcd4a98054ee09f2797b0b7b0a83d7,1,
openimages_ff1ea8fe68b354b6336a18ce,openimages,data/raw_smoke/openimages/images/train/open_000031.jpg,images/train/open_000031.jpg,smoke open image 31,128,128,6dd3143fee096e94f1a6eb8ee5f19d5eb9177ad071abd1a280a9bc845c36dd6e,1,
openimages_3340cf2222be9dcd0863c1ac,openimages,data/raw_smoke/openimages/images/train/open_000032.jpg,images/train/open_000032.jpg,smoke open image 32,128,128,8422b28466dcb855e5cb086f94f8b6321bea50df59e854a20c8790899bb388c1,1,
openimages_7d8e5d6b9a8e11db3e464178,openimages,data/raw_smoke/openimages/images/train/open_000033.jpg,images/train/open_000033.jpg,smoke open image 33,128,128,b8c32eebea54a7ed04fdfa212e928a4a4a9a6c0e897bf11af2d8cbaee0170cf7,1,
openimages_e873211a5612b33bff49652b,openimages,data/raw_smoke/openimages/images/train/open_000034.jpg,images/train/open_000034.jpg,smoke open image 34,128,128,9957a622cc092a6659c2a98345360b31bb76ea19cf111bdd2c7cd1da315f5790,1,
openimages_2fa5f4b02430d4b35e887b6b,openimages,data/raw_smoke/openimages/images/train/open_000035.jpg,images/train/open_000035.jpg,smoke open image 35,128,128,5d2ef7ef6ef592391f1efecbeda776d0b6fadbc3e6da536a7f7aef2790134a4e,1,
openimages_fc467dbdf2693891076b8164,openimages,data/raw_smoke/openimages/images/train/open_000036.jpg,images/train/open_000036.jpg,smoke open image 36,128,128,1882a7c92a7abab68ba87183c1fc30c38d1d84d41677e514aa5255742bf7499d,1,
openimages_71493b00f3dd6de0b9bc0048,openimages,data/raw_smoke/openimages/images/train/open_000037.jpg,images/train/open_000037.jpg,smoke open image 37,128,128,95626aa6c350dd447e977b4c22e524d9395df3da5b0846ad4f5d2a6e31703f46,1,
openimages_1bc9fde9987efdd5aa669983,openimages,data/raw_smoke/openimages/images/train/open_000038.jpg,images/train/open_000038.jpg,smoke open image 38,128,128,10486e57b284b6e091fe2518ed718fd1f6202d2f54b2e3693b7743956ca0f410,1,
openimages_319ecb1da9f3535c9940e049,openimages,data/raw_smoke/openimages/images/train/open_000039.jpg,images/train/open_000039.jpg,smoke open image 39,128,128,098771e882cc9a0f504db32ad1787f74ec39894353e619a48de9e97c683123ad,1,
openimages_abd7f128bf4b487c971e579b,openimages,data/raw_smoke/openimages/images/train/open_000040.jpg,images/train/open_000040.jpg,smoke open image 40,128,128,38d9294821e8d669ea0d8245db8bf32071b7315da29544dd1a4ab0d03e0bc2bd,1,
openimages_91268a32036ec07d1063513e,openimages,data/raw_smoke/openimages/images/train/open_000041.jpg,images/train/open_000041.jpg,smoke open image 41,128,128,2b3a99b9608ca1f04dcb7828bb77c3169f30600d136efbd5ae4da52054347c20,1,
openimages_a9777025cb552c2398e79d85,openimages,data/raw_smoke/openimages/images/train/open_000042.jpg,images/train/open_000042.jpg,smoke open image 42,128,128,2e2ff9b19522c7033f396a29341ca00b76a7f1a8ddb33cb4c57231d31a406f90,1,
openimages_4c369ce7255d3e455d804ab3,openimages,data/raw_smoke/openimages/images/train/open_000043.jpg,images/train/open_000043.jpg,smoke open image 43,128,128,2d027c50ac69130484a8c72c4cff591a51f8f51495f96f2ce74456012d714ad8,1,
openimages_ce6d6ef0c7b640cc544e7d9c,openimages,data/raw_smoke/openimages/images/train/open_000044.jpg,images/train/open_000044.jpg,smoke open image 44,128,128,5f226583144ba6094685c62ec78bba6386f0b791d38afe6f46f73e9e31ed913c,1,
openimages_47bbb1bb9cce55d41d4c74bc,openimages,data/raw_smoke/openimages/images/train/open_000045.jpg,images/train/open_000045.jpg,smoke open image 45,128,128,a7a74a6a6a45061655fcb22107572fe41c147fe953effd2b56b9870503ca73da,1,
openimages_fbaeacbad3350647d857fa9b,openimages,data/raw_smoke/openimages/images/train/open_000046.jpg,images/train/open_000046.jpg,smoke open image 46,128,128,d9ab131d9b98481a0de61bdf2c22a4d05899d3aee75e33d4e882b305f8e4b2e3,1,
openimages_20c27c44331d726ed8be0ace,openimages,data/raw_smoke/openimages/images/train/open_000047.jpg,images/train/open_000047.jpg,smoke open image 47,128,128,7c24f2105fae5a9f3e79da32ce09d69ebc4e89c458415dfe8d75963409c09230,1,
openimages_bf04378bc5e818538a2163ca,openimages,data/raw_smoke/openimages/images/train/open_000048.jpg,images/train/open_000048.jpg,smoke open image 48,128,128,9043a2b1684a794d98fde9b07ed18a4d173adb6450a2c4f6de0c880b357a4421,1,
openimages_096abde4998e38dc482796ef,openimages,data/raw_smoke/openimages/images/train/open_000049.jpg,images/train/open_000049.jpg,smoke open image 49,128,128,8ac42971e59d851b4475f94631653d505ad26908f8369ea0514846927ccf3417,1,
openimages_73957c3c572d39339f2ba2b9,openimages,data/raw_smoke/openimages/images/train/open_000050.jpg,images/train/open_000050.jpg,smoke open image 50,128,128,35f6616a82c0441d58580b3e815be6d0fca0d808582df894a9ac81e0109beff8,1,
openimages_328ecedf1a2354bcf6d04bfd,openimages,data/raw_smoke/openimages/images/train/open_000051.jpg,images/train/open_000051.jpg,smoke open image 51,128,128,f634c84ae5056b5636bf073ae30d587d3ec9d5344f0404b9a4ad701bdbceae50,1,
openimages_4ece3062ebbbb11ce1abde41,openimages,data/raw_smoke/openimages/images/train/open_000052.jpg,images/train/open_000052.jpg,smoke open image 52,128,128,a6d9f730e91097b58df670bb5bcbacbf9ec340764cc66906ed850e16b7c6956c,1,
openimages_4d7f068fe4596426f91de9cb,openimages,data/raw_smoke/openimages/images/train/open_000053.jpg,images/train/open_000053.jpg,smoke open image 53,128,128,7ff39ad37c245d1606473c8c5ac368784b6de4c193bd7d75859ad58e34d5e0d0,1,
openimages_74a7c36532294ff6c38428aa,openimages,data/raw_smoke/openimages/images/train/open_000054.jpg,images/train/open_000054.jpg,smoke open image 54,128,128,02da0e43afa46d7b3d7d232c6edb403f9c3396cfa8474092ead3eb9e17ba9217,1,
openimages_0f674b9e2d24d7ac616eaafb,openimages,data/raw_smoke/openimages/images/train/open_000055.jpg,images/train/open_000055.jpg,smoke open image 55,128,128,59d7a69a26fcf6c60febb979b71dbf413697fb8301a97e1f74e2063cd7ed6649,1,
openimages_a313956dc417c218d3a50299,openimages,data/raw_smoke/openimages/images/train/open_000056.jpg,images/train/open_000056.jpg,smoke open image 56,128,128,8cd7ba4d438144f486651e0bbf323b78714e9f427c2fe5cf23aff57496a68cdb,1,
openimages_2f58f91a8b0ddaa165fde06e,openimages,data/raw_smoke/openimages/images/train/open_000057.jpg,images/train/open_000057.jpg,smoke open image 57,128,128,0697412ed1d4f82f41b8671593a9b19deca92eef535230b6e41b68ac42f9e7f5,1,
openimages_94e57c6925547abb5c57a37e,openimages,data/raw_smoke/openimages/images/train/open_000058.jpg,images/train/open_000058.jpg,smoke open image 58,128,128,640675a4f2d4f6fb8503d8c8f0d16513a06425757fc26135fa8d718b405ebd7d,1,
openimages_66e1ab4bf1b2af3a560dcb8b,openimages,data/raw_smoke/openimages/images/train/open_000059.jpg,images/train/open_000059.jpg,smoke open image 59,128,128,8b5e1b4ca528fdbb52ca5b9ae53601f93f8b4b8c11df521a8b45da2ebfaaca25,1,
openimages_7f4b8f88df46a87dbbc85009,openimages,data/raw_smoke/openimages/images/train/open_000060.jpg,images/train/open_000060.jpg,smoke open image 60,128,128,7d03162d4cc15d553fc6158318572df3ef36cf3783762934ef74e2d2459ee7c4,1,
openimages_f2ccf84982d361b8f8d33f8b,openimages,data/raw_smoke/openimages/images/train/open_000061.jpg,images/train/open_000061.jpg,smoke open image 61,128,128,c6bbbc9ad81a95699371e32cc4c087813176b7be4a46c3dd4d0e1e72190dd90f,1,
openimages_4a6a547b051988db8ecd4cf5,openimages,data/raw_smoke/openimages/images/train/open_000062.jpg,images/train/open_000062.jpg,smoke open image 62,128,128,76fca7a30529bbda64a9b6bae36374f0da4ff8621c48481ae46325f560a914b2,1,
openimages_65ecd0155bb8343328c322df,openimages,data/raw_smoke/openimages/images/train/open_000063.jpg,images/train/open_000063.jpg,smoke open image 63,128,128,e6c66bc4a62576faf8c9591d818bf395794d206b901efd5cc63d148987ab97b9,1,
openimages_89101c90564d2e904b2e5ba9,openimages,data/raw_smoke/openimages/images/train/open_000064.jpg,images/train/open_000064.jpg,smoke open image 64,128,128,9b5029dcc9ae4a04d852b0bee7ec76f28215c2b9cf5f3cb06ede032dbb4442e5,1,
openimages_217bf264c3ae3bc58b618035,openimages,data/raw_smoke/openimages/images/train/open_000065.jpg,images/train/open_000065.jpg,smoke open image 65,128,128,6db499748d7f0f55dd0f66ab13ecd153acbcdbdd4339943bdbbb5d74f09b128f,1,
openimages_defcbe3c299b1255a7ab1cfb,openimages,data/raw_smoke/openimages/images/train/open_000066.jpg,images/train/open_000066.jpg,smoke open image 66,128,128,c9e2e7e278aa3cad61063cf5bc4a40e6ceb3fd735d88bac2ecfc0b28bfad8c1b,1,
openimages_da7b034cf542df2e3c3cc19a,openimages,data/raw_smoke/openimages/images/train/open_000067.jpg,images/train/open_000067.jpg,smoke open image 67,128,128,f6b4c2967fdc19c7f570ede7b8859b40fb5c207675dcda29728346099c893bdd,1,
openimages_69a17e838c9e6613b27c4e47,openimages,data/raw_smoke/openimages/images/train/open_000068.jpg,images/train/open_000068.jpg,smoke open image 68,128,128,b89b773210fbb53ceb753a7509bf859311b587b59a2f78385134c3e91471c0d7,1,
openimages_bb238c89c829f63d59551ba2,openimages,data/raw_smoke/openimages/images/train/open_000069.jpg,images/train/open_000069.jpg,smoke open image 69,128,128,e86022faae09c567f816ec0a7faf9d353386c85b6901c902eab0d8f9cc368d2a,1,
openimages_194b3490431309dd1ae49d8b,openimages,data/raw_smoke/openimages/images/train/open_000070.jpg,images/train/open_000070.jpg,smoke open image 70,128,128,28967ad5560daf84deb9191d78a2c6436b0a78ad9e0d5a3efc4de365a56fa471,1,
openimages_e6a82341dad1d08708284a92,openimages,data/raw_smoke/openimages/images/train/open_000071.jpg,images/train/open_000071.jpg,smoke open image 71,128,128,15feaf38615694e97515281b924b7bd766cbd5db5b3d27f2a15d5c7ac9c3e231,1,
openimages_326baeccefc2c48342c512f3,openimages,data/raw_smoke/openimages/images/train/open_000072.jpg,images/train/open_000072.jpg,smoke open image 72,128,128,1abfa1eb7ea552da02da0cf7ebaf00bb613df617492556b791cd9805fa658b6c,1,
openimages_a491c792f752b81e06a1def4,openimages,data/raw_smoke/openimages/images/train/open_000073.jpg,images/train/open_000073.jpg,smoke open image 73,128,128,edaa70dccdcea7fee78ae0b110b39a91aba5cbb1c0fc0ae22dbc7efd5f01f604,1,
openimages_3a42f51c48865b0ce2a93fb3,openimages,data/raw_smoke/openimages/images/train/open_000074.jpg,images/train/open_000074.jpg,smoke open image 74,128,128,23b6187a9f4c09b2ad39a168d5fe79a9fcac3002abd5be8cf2d9afa061f2da0c,1,
openimages_8d58474be8d1dac743f63840,openimages,data/raw_smoke/openimages/images/train/open_000075.jpg,images/train/open_000075.jpg,smoke open image 75,128,128,7054755c96d84d8f78010a5177ffc2fe73146b9daa049823b69ad5cf77e4a3b2,1,
openimages_4714cfa0dc2567fb689db7b2,openimages,data/raw_smoke/openimages/images/train/open_000076.jpg,images/train/open_000076.jpg,smoke open image 76,128,128,472dbe994ab0d90fad1858c5c53232fa5368de5692d37168c22db9a9108fd3d5,1,
openimages_58636fdc2ff6e0e2941d0cea,openimages,data/raw_smoke/openimages/images/train/open_000077.jpg,images/train/open_000077.jpg,smoke open image 77,128,128,a0d2e181bef2302ec71495028a342797ae79822f8e9d53a500207d08a8a072c9,1,
openimages_bc4b087b25810f795ad948c4,openimages,data/raw_smoke/openimages/images/train/open_000078.jpg,images/train/open_000078.jpg,smoke open image 78,128,128,96c36487df778a27869bceea51fb99dc58e3198f6401023e2e39d9841b322489,1,
openimages_d2571e330be85cce8290e1ad,openimages,data/raw_smoke/openimages/images/train/open_000079.jpg,images/train/open_000079.jpg,smoke open image 79,128,128,42a9c100447e16e945a0c0c78b7dc99f5c9ad1ce9733694b73243839ba8e294f,1,
openimages_b53132b76fe69c7d69fe2521,openimages,data/raw_smoke/openimages/images/train/open_000080.jpg,images/train/open_000080.jpg,smoke open image 80,128,128,b70d66610baae3d3097fcdae68fab0dfa3ccc0c802f298289751c5ab3e0f294c,1,
openimages_013a2dbe5e8e046f9c0ff662,openimages,data/raw_smoke/openimages/images/train/open_000081.jpg,images/train/open_000081.jpg,smoke open image 81,128,128,2b0c47a7555441a4dd8ed0e1c3a02c46a8105e3f8f53917ffb75e41b85c5a930,1,
openimages_79b5c3edb794b263aa61c9f9,openimages,data/raw_smoke/openimages/images/train/open_000082.jpg,images/train/open_000082.jpg,smoke open image 82,128,128,b19f49b9303b0a8196b14c6d19aff8db912df68fa82d3f097d05ea83006fd773,1,
openimages_c450eb7b9aef894e61168fcd,openimages,data/raw_smoke/openimages/images/train/open_000083.jpg,images/train/open_000083.jpg,smoke open image 83,128,128,0459ab2bee93a5cbd475cc29a13e6f61e36827a2bea51e743a5846891a1e3a65,1,
openimages_fa54d22697863ad56f8bfe56,openimages,data/raw_smoke/openimages/images/train/open_000084.jpg,images/train/open_000084.jpg,smoke open image 84,128,128,c112cecf2bbe90c569ceefe40aecfeded1110561b91dfe80498a4ab71384e2c4,1,
openimages_b241158c6d40b4e74eeebbe4,openimages,data/raw_smoke/openimages/images/train/open_000085.jpg,images/train/open_000085.jpg,smoke open image 85,128,128,efa694c507a6ec0fcff74e69352da0baee82cf2ac4daa4098254d5437530e5a8,1,
openimages_ba7613d54093bb0011a41c86,openimages,data/raw_smoke/openimages/images/train/open_000086.jpg,images/train/open_000086.jpg,smoke open image 86,128,128,016cd9403bf5ced16fc5581d562c223b0e1fa700f342241647eaef2afe402c69,1,
openimages_41c3f305eb864eb97202fb1d,openimages,data/raw_smoke/openimages/images/train/open_000087.jpg,images/train/open_000087.jpg,smoke open image 87,128,128,2f4169c4c8a323a26c54bcd2aff98936224c4e8d5be70ca63e97fdbee1c24ac2,1,
openimages_3846a99f56519ce2b028c9c2,openimages,data/raw_smoke/openimages/images/train/open_000088.jpg,images/train/open_000088.jpg,smoke open image 88,128,128,835eea096763ac00026a6a381fee18563466fa5a997d73fa780aa4b30caf5ecf,1,
openimages_3b5f0cf3684a126cd6434515,openimages,data/raw_smoke/openimages/images/train/open_000089.jpg,images/train/open_000089.jpg,smoke open image 89,128,128,963ab9253452b7b1ab419b6127be379f344644861f181ae85096ae9e7ca7c068,1,
openimages_809b48c4f63de358117dce13,openimages,data/raw_smoke/openimages/images/train/open_000090.jpg,images/train/open_000090.jpg,smoke open image 90,128,128,82f3963a6915898468c62563af74b18c2e3241d0298e6061be08386a9406f65e,1,
openimages_e83deb59a128eb03c7ab1225,openimages,data/raw_smoke/openimages/images/train/open_000091.jpg,images/train/open_000091.jpg,smoke open image 91,128,128,6af62ef4809a3516fdba3e8c0a48e91a7fbeb43500b35ef5572f38cfb04e748c,1,
openimages_48b4d94f727bc54217254781,openimages,data/raw_smoke/openimages/images/train/open_000092.jpg,images/train/open_000092.jpg,smoke open image 92,128,128,690854f5ffb303ed1dba65e96362af2acd897d3839170a42e3e9f3ed2a501487,1,
openimages_6575fe27acf6632855a7ff6c,openimages,data/raw_smoke/openimages/images/train/open_000093.jpg,images/train/open_000093.jpg,smoke open image 93,128,128,ecf39f53ed94b0a039cafd1af032185bab0cd4fcbd53cbafe0b087c6f203ce32,1,
openimages_c7152d520ae760d9af86a343,openimages,data/raw_smoke/openimages/images/train/open_000094.jpg,images/train/open_000094.jpg,smoke open image 94,128,128,bb2dadd69edbbc20b71ea5d7e5c5f45923fa27e394fab21f2ebcf620dbe1945c,1,
openimages_d0165d238a2e749d764d6802,openimages,data/raw_smoke/openimages/images/train/open_000095.jpg,images/train/open_000095.jpg,smoke open image 95,128,128,5cd0b6728f7c55101483ad3b0c1eb88d7d586d78e21ba925db0eb39a565d0160,1,
openimages_b35f7a9dc0a613f8ce4f6015,openimages,data/raw_smoke/openimages/images/train/open_000096.jpg,images/train/open_000096.jpg,smoke open image 96,128,128,ebc2ca39ff3e12a5e3c5e7284f9584d3325394092ab6cfa6f98ecb6be9ff04b2,1,
openimages_2a51b62bddd7b9ab057de1c3,openimages,data/raw_smoke/openimages/images/train/open_000097.jpg,images/train/open_000097.jpg,smoke open image 97,128,128,85cfc77c40eaa37f0226b721e384e2d69c137d883053dab96c655d4c78c5d4a4,1,
openimages_c9685081dac8508a5d10dd0f,openimages,data/raw_smoke/openimages/images/train/open_000098.jpg,images/train/open_000098.jpg,smoke open image 98,128,128,cc6c5a1fd0a1bf27141fbc0720ecfabfaf03aab04104eccc977d239aed35de98,1,
openimages_7515a3844e1b78d5c5ca5a72,openimages,data/raw_smoke/openimages/images/train/open_000099.jpg,images/train/open_000099.jpg,smoke open image 99,128,128,bd485f0df41751ad67574eba37570316d701e7287a10062eec3143a47c20f107,1,
openimages_3d9904815dc6874eba47db24,openimages,data/raw_smoke/openimages/images/train/open_000100.jpg,images/train/open_000100.jpg,smoke open image 100,128,128,6d5f1e809eb01c64a842e09f6cc18f7804f5681ff5242663c8d25d779cf28485,1,
openimages_ca9f114ee16e0a1122c7082d,openimages,data/raw_smoke/openimages/images/train/open_000101.jpg,images/train/open_000101.jpg,smoke open image 101,128,128,dfd0307989a2305e2d4e4a1aa5ddf51347363944381f4f0415171ca01eacc6dd,1,
openimages_da448870193ca64d5dabbb4d,openimages,data/raw_smoke/openimages/images/train/open_000102.jpg,images/train/open_000102.jpg,smoke open image 102,128,128,fb76123fc3593acd2ad5ecc4336a8fa8d597d294c4f69ee0dcae11c2122389fe,1,
openimages_04f423c5e6176171162e2305,openimages,data/raw_smoke/openimages/images/train/open_000103.jpg,images/train/open_000103.jpg,smoke open image 103,128,128,80d12fbccbf97c34ea962fddc7c5491441490c857e74279ecb49e641f80f95de,1,
openimages_e415495efa39f257eec4b4dc,openimages,data/raw_smoke/openimages/images/train/open_000104.jpg,images/train/open_000104.jpg,smoke open image 104,128,128,7cb04a4041ee24df861b884f4204207fa1d11b769d4231e58f9d92a07a0388b5,1,
openimages_9d803bb9af9f2e8e2760c5b6,openimages,data/raw_smoke/openimages/images/train/open_000105.jpg,images/train/open_000105.jpg,smoke open image 105,128,128,72d6eb4f1ee58629f494eac045aa6ba675c13d1e07b22d3e80818f22be27684c,1,
openimages_955d30a8ebf87f44a42b325f,openimages,data/raw_smoke/openimages/images/train/open_000106.jpg,images/train/open_000106.jpg,smoke open image 106,128,128,71c78aa4a1c5e34feabc21c7744b32e440227c00a6e377fb58a2777bf042a887,1,
openimages_b689af5e2dcc9f7f866491f6,openimages,data/raw_smoke/openimages/images/train/open_000107.jpg,images/train/open_000107.jpg,smoke open image 107,128,128,48c96d246d66e6e45a7d856df1085277e6c3d6a81aa50d5849a4ebf885aabf6f,1,
openimages_27da763486829598c7a82729,openimages,data/raw_smoke/openimages/images/train/open_000108.jpg,images/train/open_000108.jpg,smoke open image 108,128,128,7951cd63ca6a889d451edf66653f3bd8cc4398a64ae74517adf6903b2df53da1,1,
openimages_026777ac0d5315d30082b0c7,openimages,data/raw_smoke/openimages/images/train/open_000109.jpg,images/train/open_000109.jpg,smoke open image 109,128,128,a4d3bb300d9571448e2db22c53f80149c5f43360b638eec82a76f76bd862a57c,1,
openimages_1d4a607d4bbbc5d8a0a4d65f,openimages,data/raw_smoke/openimages/images/train/open_000110.jpg,images/train/open_000110.jpg,smoke open image 110,128,128,48fecbd1370cab90bba84deb1baf4ef56d9a366ad45cd84e8901008df87c03ed,1,
openimages_a1a7e06dc7af13e04f50fbba,openimages,data/raw_smoke/openimages/images/train/open_000111.jpg,images/train/open_000111.jpg,smoke open image 111,128,128,8f72578810e0fb29300b537119f0d98428255770aa08ea44559aebdba6e27c6c,1,
openimages_de275b6a4e5fe20d1ebdc49a,openimages,data/raw_smoke/openimages/images/train/open_000112.jpg,images/train/open_000112.jpg,smoke open image 112,128,128,b1d0333ebb79d2efdd77607e83cc225aafd0c0b72f1adbc93c04388687cdf014,1,
openimages_05158dbde8330103b83fc14b,openimages,data/raw_smoke/openimages/images/train/open_000113.jpg,images/train/open_000113.jpg,smoke open image 113,128,128,c2fc98afe808a59eed95225bb1e1bc2a1865e1ba8ac58465be934fe538d1e7d9,1,
openimages_56b390e22b9212560b5e1324,openimages,data/raw_smoke/openimages/images/train/open_000114.jpg,images/train/open_000114.jpg,smoke open image 114,128,128,fc2ce8bfb8e0cbc1282d6734709d7e75454ece9144283a172376c819927e5c91,1,
openimages_e701c978d06478c32712c886,openimages,data/raw_smoke/openimages/images/train/open_000115.jpg,images/train/open_000115.jpg,smoke open image 115,128,128,1a1a59fd739e7eefd6bf96bd11eb4f25cccfd6f9df6a01b507743f9366f3790a,1,
openimages_450019dd2c826e8b123acbf7,openimages,data/raw_smoke/openimages/images/train/open_000116.jpg,images/train/open_000116.jpg,smoke open image 116,128,128,a1391e350dbd92195ea9dfdd9057d300f372b125804c6b3c9f7cdd7aa64b9ca8,1,
openimages_16bb3fb218cb459c36f4e252,openimages,data/raw_smoke/openimages/images/train/open_000117.jpg,images/train/open_000117.jpg,smoke open image 117,128,128,934ad85b08e400aefe9b4fb87aff35fc50ccb1909381990cb83d372380e55ebc,1,
openimages_cb983ee456f8f64faa1c0d61,openimages,data/raw_smoke/openimages/images/train/open_000118.jpg,images/train/open_000118.jpg,smoke open image 118,128,128,23ec446a70cd0d942df482a52f28c6f02bc2037349cb12c3937c6d3c1f6082bb,1,
openimages_d9a12fb67b727ac02c2a833c,openimages,data/raw_smoke/openimages/images/train/open_000119.jpg,images/train/open_000119.jpg,smoke open image 119,128,128,1d7d8a6a38ad29bedb4df21756ad3bc82b15eeb302997f319dce6870f4638caa,1,
openimages_e9be093f264df803f1531c97,openimages,data/raw_smoke/openimages/images/train/open_000120.jpg,images/train/open_000120.jpg,smoke open image 120,128,128,0e7337069784ead6274824ebb291af11dbe5e44d179a980511518936148721e9,1,
openimages_6134dc28387badf2e7e57e38,openimages,data/raw_smoke/openimages/images/train/open_000121.jpg,images/train/open_000121.jpg,smoke open image 121,128,128,3841edfeaffd7eb32cabafa0a07ba70476d888d8fabf9ecf258d5bf8787eeb19,1,
openimages_ecccd2af5f9a008efc261e26,openimages,data/raw_smoke/openimages/images/train/open_000122.jpg,images/train/open_000122.jpg,smoke open image 122,128,128,6c464b2f10f7902d546c1f4313b885e4ba51ee8c0986c7a0a81e2ebc5992fc3e,1,
openimages_15483d1dcb5ac58be04660c4,openimages,data/raw_smoke/openimages/images/train/open_000123.jpg,images/train/open_000123.jpg,smoke open image 123,128,128,07e26db5e0ffc795a2c0ba9e12bcab3623dc5ddc658779fde39c30b7abe7c81d,1,
openimages_59b695938e1a69e3c7e28dc0,openimages,data/raw_smoke/openimages/images/train/open_000124.jpg,images/train/open_000124.jpg,smoke open image 124,128,128,048b4cd2c89a319c543a33ff26563b57ada2f3eaf5076f946d7992e491b41f2b,1,
openimages_0afe5137227ecb718d738d4b,openimages,data/raw_smoke/openimages/images/train/open_000125.jpg,images/train/open_000125.jpg,smoke open image 125,128,128,fd0e92474be0d210cae7698f47ea367da8f010a3f52f8c5dff35194eec195a85,1,
openimages_72d1c676eb61ae7f77ae9878,openimages,data/raw_smoke/openimages/images/train/open_000126.jpg,images/train/open_000126.jpg,smoke open image 126,128,128,764eb73fa8ee500e5e16934f84121df15f6b062ea786e9e834a9e27b4e932aca,1,
openimages_96169c6b8df7a292aa86cb7a,openimages,data/raw_smoke/openimages/images/train/open_000127.jpg,images/train/open_000127.jpg,smoke open image 127,128,128,894df72ba20eaeb3bca1f437d7ec049d7fdcd498bb72300dbab07d0bf7a0cbc4,1,
openimages_d4f55fde8241fee8b6f63333,openimages,data/raw_smoke/openimages/images/train/open_000128.jpg,images/train/open_000128.jpg,smoke open image 128,128,128,76dadaf8bc00b4303747b08473df6317a49d450053d0d9f6cb78087910987b5c,1,
openimages_cadc007932e7cda8f789bbe2,openimages,data/raw_smoke/openimages/images/train/open_000129.jpg,images/train/open_000129.jpg,smoke open image 129,128,128,10e90c64089ac6ccd9ad13722f79fb587645cdd2077445cd8aed35782334096b,1,
openimages_f181db656c2105bca61a6d58,openimages,data/raw_smoke/openimages/images/train/open_000130.jpg,images/train/open_000130.jpg,smoke open image 130,128,128,99b7810bfc85ffb538c0b71143355baff7e650571a67c757e3cc0544275173e4,1,
openimages_ea49996d2a5409e3d10c2b6c,openimages,data/raw_smoke/openimages/images/train/open_000131.jpg,images/train/open_000131.jpg,smoke open image 131,128,128,071f60c6d5ed1f4ed7acfb7be99f419338df419d48b8750d047ebcabdd2286d2,1,
openimages_968df80b67707a0534df3208,openimages,data/raw_smoke/openimages/images/train/open_000132.jpg,images/train/open_000132.jpg,smoke open image 132,128,128,d004de864ca714a10e5f987d72142b71083ac1a8ab0c340b1f71d1e09c275f5f,1,
openimages_987276df6b9f9206ed08cdfe,openimages,data/raw_smoke/openimages/images/train/open_000133.jpg,images/train/open_000133.jpg,smoke open image 133,128,128,f01f65e10238704e9e7bf09798dd4340324bbe91c7acb2f765c34e8609218058,1,
openimages_1edf14f962976e87dfdb606f,openimages,data/raw_smoke/openimages/images/train/open_000134.jpg,images/train/open_000134.jpg,smoke open image 134,128,128,5fe6f923d21acb2dac4329357b5f3bbed9b254acdd0867fd42d584b76742f0e2,1,
openimages_2f0581fd169debd65f16ff89,openimages,data/raw_smoke/openimages/images/train/open_000135.jpg,images/train/open_000135.jpg,smoke open image 135,128,128,9742b45dbfa85e1cd47e4a5b874d32066d0d1142ba32f4b38e3edd65937b19de,1,
openimages_6af133c529b1423738281051,openimages,data/raw_smoke/openimages/images/train/open_000136.jpg,images/train/open_000136.jpg,smoke open image 136,128,128,fce05dbbc5b9cfd36d32cb4545bbad246196a486704c4d3d75aaf88b113b6df9,1,
openimages_10c95adc5ca63ae1eb8bbd9e,openimages,data/raw_smoke/openimages/images/train/open_000137.jpg,images/train/open_000137.jpg,smoke open image 137,128,128,75195264a2a38d7baa56dc87326038cdc11ab514c76674e61c260cf29c80c8a0,1,
openimages_ae7d4e20d24d1ab2e76c36c7,openimages,data/raw_smoke/openimages/images/train/open_000138.jpg,images/train/open_000138.jpg,smoke open image 138,128,128,a3fa94f7fa4bed0de62344dc103184f1f52b51f7e07d2c1f89fee3da2d9c2815,1,
openimages_932e3f1895d9b60bbfbe4178,openimages,data/raw_smoke/openimages/images/train/open_000139.jpg,images/train/open_000139.jpg,smoke open image 139,128,128,be3fcf9b47a37dcedcbe3cc84fd952c0490d4a0861bf607d0b60ae7d4b162918,1,
openimages_dd4c55da4e634bf599ff4a87,openimages,data/raw_smoke/openimages/images/train/open_000140.jpg,images/train/open_000140.jpg,smoke open image 140,128,128,f121f9d675c08744b86c9a84079e2abdc0effcb02dfa909029d3514351b8dff6,1,
openimages_ebf83332e62b7f5996bf7963,openimages,data/raw_smoke/openimages/images/train/open_000141.jpg,images/train/open_000141.jpg,smoke open image 141,128,128,d6a1b949626583a1925e5adb93fbdbbb9180a158025cc1593d281a5c9e86726c,1,
openimages_21ce65edb5c64e76c3d959d9,openimages,data/raw_smoke/openimages/images/train/open_000142.jpg,images/train/open_000142.jpg,smoke open image 142,128,128,a9d33160e273a8ab2d6a4dd835b6223f8c21fbd9274cc52f221b5d67aaf3220c,1,
openimages_8717e020bf2745d341469ae8,openimages,data/raw_smoke/openimages/images/train/open_000143.jpg,images/train/open_000143.jpg,smoke open image 143,128,128,f317fced4cc24c36bcb64c3dc0a4a52c91dd5521a6acc5ec57c717a0e36786f4,1,
openimages_888f999d99d81f249abf8264,openimages,data/raw_smoke/openimages/images/train/open_000144.jpg,images/train/open_000144.jpg,smoke open image 144,128,128,5cc8af22074c4ae6b78b682b820e0a65968284fe65487a56c0a9645ba50dbc9d,1,
openimages_f4ed4f91bd6e388adceb30f3,openimages,data/raw_smoke/openimages/images/train/open_000145.jpg,images/train/open_000145.jpg,smoke open image 145,128,128,ea1091fabc05267d17736f799e2cd3f5322633daedf01eb7ada3a9c1c100c83a,1,
openimages_53d40f1494d1f9546892645a,openimages,data/raw_smoke/openimages/images/train/open_000146.jpg,images/train/open_000146.jpg,smoke open image 146,128,128,dade729a7250bf052c7bf2ea6bed72e24a8f45f15c93c394ae237fab95c27bb1,1,
openimages_f48d185ea1e9820bf83d43e6,openimages,data/raw_smoke/openimages/images/train/open_000147.jpg,images/train/open_000147.jpg,smoke open image 147,128,128,dd2817c9496af11da216efea7a585b38cdb4e1cca891793463f3fd780d0ed2f9,1,
openimages_2b047e6b6c1cd4b1ababaa70,openimages,data/raw_smoke/openimages/images/train/open_000148.jpg,images/train/open_000148.jpg,smoke open image 148,128,128,49546091f1b4e4fa066ba205c280f7da13868310901d5bec84fa5327b108d313,1,
openimages_af78013dc031a399109c5cd0,openimages,data/raw_smoke/openimages/images/train/open_000149.jpg,images/train/open_000149.jpg,smoke open image 149,128,128,dcdc3baf01495e4eafda83ea6bcd433a99c9fdc3bc01b3642581582ede784e1a,1,
openimages_be6649c9e43af09993843003,openimages,data/raw_smoke/openimages/images/train/open_000150.jpg,images/train/open_000150.jpg,smoke open image 150,128,128,091a834228bc3238713e8d563e522efc040f59523502adb855ebeea7125d5015,1,
openimages_9751e325f6af4902d98f253e,openimages,data/raw_smoke/openimages/images/train/open_000151.jpg,images/train/open_000151.jpg,smoke open image 151,128,128,5cec41fab73b4bf51b3dbcd3d1a8c9e6d80c9619c177c9f02f9e415f373ea060,1,
openimages_3e65f5d238f5b360b39e9248,openimages,data/raw_smoke/openimages/images/train/open_000152.jpg,images/train/open_000152.jpg,smoke open image 152,128,128,7c71488d9086c612392c615480b1110da5d55adf616458c4754aac4d8905afaa,1,
openimages_9d9fccfa1c907ccedfe3cc02,openimages,data/raw_smoke/openimages/images/train/open_000153.jpg,images/train/open_000153.jpg,smoke open image 153,128,128,1bc8c4d9bbd8f81c973ad4317fba1f81dc20b48068d16c4da2485c617a6130e5,1,
openimages_0e2c62ec950e78733cc0f481,openimages,data/raw_smoke/openimages/images/train/open_000154.jpg,images/train/open_000154.jpg,smoke open image 154,128,128,1d584b7ebfb4ed3f6467ddb20a5375b7d20ee3a2f76dc09c55f447721b21840a,1,
openimages_c6f4e5b509d6a82d278b3cbd,openimages,data/raw_smoke/openimages/images/train/open_000155.jpg,images/train/open_000155.jpg,smoke open image 155,128,128,ab476f40f9b8ed3e348ba85a7700d7b27246f67d2e7c179f603ee51c75635212,1,
openimages_ce28eb4e4fbfcf9faf58cf9c,openimages,data/raw_smoke/openimages/images/train/open_000156.jpg,images/train/open_000156.jpg,smoke open image 156,128,128,6d26e1d5de6e20294d58afde2156d022045e98e4add3e8bcf0e9d26578a14339,1,
openimages_e4d23606b29e97014f0f5c5e,openimages,data/raw_smoke/openimages/images/train/open_000157.jpg,images/train/open_000157.jpg,smoke open image 157,128,128,3c5dba72cd9ff8e2e287448c14651b409058957f0942a7f5bf838d0f4d20e012,1,
openimages_006d9015b20d6f7998cda52c,openimages,data/raw_smoke/openimages/images/train/open_000158.jpg,images/train/open_000158.jpg,smoke open image 158,128,128,eda006ec0209598a56cdc21cc74b71e3a76ca938d23cac547404c7c14fe0bbbc,1,
openimages_bff7da60462938e08b7115a7,openimages,data/raw_smoke/openimages/images/train/open_000159.jpg,images/train/open_000159.jpg,smoke open image 159,128,128,745838a9136c21cad02a7d94df0a0edf97b43a3b1c47f03e9309c2d27482db3f,1,
openimages_2e4f1b464a16744f8b5ee3b6,openimages,data/raw_smoke/openimages/images/train/open_000160.jpg,images/train/open_000160.jpg,smoke open image 160,128,128,a8325ca8a7351b37e2cab380736f2e62197facec6935a81a3f216236988ca568,1,
openimages_5cc36428797376c27fcbb4d7,openimages,data/raw_smoke/openimages/images/train/open_000161.jpg,images/train/open_000161.jpg,smoke open image 161,128,128,6cbe1abf7316c2b139e633dfa44901987090fd7d74f0e7b5a5bb3fcddfef962b,1,
openimages_1db0fd1ac02777e64ac2654f,openimages,data/raw_smoke/openimages/images/train/open_000162.jpg,images/train/open_000162.jpg,smoke open image 162,128,128,7003a630c8a555b810a33f92820ba2c4de5e1f2e592043255ad0f4a4d7d691e5,1,
openimages_f248ad5a50b3a6c8791654a9,openimages,data/raw_smoke/openimages/images/train/open_000163.jpg,images/train/open_000163.jpg,smoke open image 163,128,128,b3163816461c8749eb74826d842210f444064a4b4fc6c94519a7bedc073c9a0b,1,
openimages_69ecf21f7a9f512c016a21ed,openimages,data/raw_smoke/openimages/images/train/open_000164.jpg,images/train/open_000164.jpg,smoke open image 164,128,128,6218e436faad58101bc31b8250b2c102e820df79c3acf0d519200967bfcf2160,1,
openimages_2d436e03dc4c15a835acd117,openimages,data/raw_smoke/openimages/images/train/open_000165.jpg,images/train/open_000165.jpg,smoke open image 165,128,128,b3f5c8d04c6626e98c2da91981c5301f33d320c0bdb6b4ed32a81b3666cfb574,1,
openimages_84e9fea22efdce42cbd26854,openimages,data/raw_smoke/openimages/images/train/open_000166.jpg,images/train/open_000166.jpg,smoke open image 166,128,128,11b2b01529b47bf914b6a378bebab543f2aa3edfb91e98ae0e5499e9e4540520,1,
openimages_d0d60180d135e6402ea3d864,openimages,data/raw_smoke/openimages/images/train/open_000167.jpg,images/train/open_000167.jpg,smoke open image 167,128,128,4a525d7a9356e95157b493eac2c3d2544a281d4fc16bfd2b070ad21ac76d3569,1,
openimages_c3bb5e04282aa153c692e609,openimages,data/raw_smoke/openimages/images/train/open_000168.jpg,images/train/open_000168.jpg,smoke open image 168,128,128,930feed7d58168602b580521eff19b3e937fe780f39c17b3951fb8c20166e277,1,
openimages_cbaf69b1bd63068fd033000f,openimages,data/raw_smoke/openimages/images/train/open_000169.jpg,images/train/open_000169.jpg,smoke open image 169,128,128,32ed194c4bfff6ccf46ade75f56625a69193e718eba959596d19873b5464a758,1,
openimages_8bbf8b3d98d4043fb731f10b,openimages,data/raw_smoke/openimages/images/train/open_000170.jpg,images/train/open_000170.jpg,smoke open image 170,128,128,9e7fe8c5197a29c519f44d5416a6be9225666f4f5f66bf22492032522139fb18,1,
openimages_c2c4354d3f3ae3ec2ed0927d,openimages,data/raw_smoke/openimages/images/train/open_000171.jpg,images/train/open_000171.jpg,smoke open image 171,128,128,437e8a9b8770249a8196f57005f32d7fcc0b1953fe2f7516519d5e28f0d631d3,1,
openimages_5a36bc217ef843262a76ed3c,openimages,data/raw_smoke/openimages/images/train/open_000172.jpg,images/train/open_000172.jpg,smoke open image 172,128,128,afcf5ce19da22cb1e9508672492309e757d48e285ea444e12c462e7098a373cf,1,
openimages_7c1e02394555f34e150d0978,openimages,data/raw_smoke/openimages/images/train/open_000173.jpg,images/train/open_000173.jpg,smoke open image 173,128,128,71d970b93eab3021fb7e11708db1b7f31108c613de2c83b9327a5fbb8257e06c,1,
openimages_e63628b39f1402139b7c71e1,openimages,data/raw_smoke/openimages/images/train/open_000174.jpg,images/train/open_000174.jpg,smoke open image 174,128,128,9518ea95818d375c0acef975a2732092f8e1860479c8003d86ccfff7874bba86,1,
openimages_8c2ac968343aa36429a0ac65,openimages,data/raw_smoke/openimages/images/train/open_000175.jpg,images/train/open_000175.jpg,smoke open image 175,128,128,b48a33ccef9a0d6dd3019ba690540517cbce2b5738dcfab51699deee1131227f,1,
openimages_0a565ac0f75bd4a5d8ceb512,openimages,data/raw_smoke/openimages/images/train/open_000176.jpg,images/train/open_000176.jpg,smoke open image 176,128,128,431d04809a48f07f713f86a077b414ede36f1b664dfbcac9fe09ea1c951b274c,1,
openimages_b48c21c23c89481c4be31951,openimages,data/raw_smoke/openimages/images/train/open_000177.jpg,images/train/open_000177.jpg,smoke open image 177,128,128,fe4822e02eee731cbbeb20918806f2c779bd1d45f5441e2ba4705be21d110de4,1,
openimages_c175f94aea359bc863b422f9,openimages,data/raw_smoke/openimages/images/train/open_000178.jpg,images/train/open_000178.jpg,smoke open image 178,128,128,c92e57b5c41e5a70130f95a5697a714426425373a9d1bce66d02d953808b4686,1,
openimages_2b1a83ec9bb7ec3c881c807d,openimages,data/raw_smoke/openimages/images/train/open_000179.jpg,images/train/open_000179.jpg,smoke open image 179,128,128,ec7ef2e6e4efd3b3cf5c5d30617776daf028177553c32ae3af0738d11798315f,1,
openimages_779d7dcdc3be55413531d588,openimages,data/raw_smoke/openimages/images/train/open_000180.jpg,images/train/open_000180.jpg,smoke open image 180,128,128,3eec1194325eaf11c8d04fc2a070b098a2144fc4172239e0eb0a101ba89b074e,1,
openimages_7294ed70c7efb39c8b13944d,openimages,data/raw_smoke/openimages/images/train/open_000181.jpg,images/train/open_000181.jpg,smoke open image 181,128,128,28f28202f21f6092d69117e15c9e71ff59c83be750c04a473beb38d35d7f9802,1,
openimages_80a658f541cf70df4ea19de6,openimages,data/raw_smoke/openimages/images/train/open_000182.jpg,images/train/open_000182.jpg,smoke open image 182,128,128,3c60e7c5a8135421c9f21b54bb4cf8fad51b3bd1d4f16549489d4d2566623b50,1,
openimages_d5ae015a67c657d5333cc6c1,openimages,data/raw_smoke/openimages/images/train/open_000183.jpg,images/train/open_000183.jpg,smoke open image 183,128,128,a3c412dc86fea491bbd06d8b99f9b4ed10d7e7149f7b09bf54f5ffec646edeb2,1,
openimages_28840e749b209c5fb2d1118d,openimages,data/raw_smoke/openimages/images/train/open_000184.jpg,images/train/open_000184.jpg,smoke open image 184,128,128,811c04f240323da84bb4a9d1ed6dbfe01ee98de4ce4914e0cca39a2a92e2a684,1,
openimages_556652cd8d9eae6606d8d2bf,openimages,data/raw_smoke/openimages/images/train/open_000185.jpg,images/train/open_000185.jpg,smoke open image 185,128,128,675f315654ecddfe8b69e77ba78ba35f907e6aed17282ff9e1173d81b713f618,1,
openimages_1148c9cb6bad3eb8e16661b2,openimages,data/raw_smoke/openimages/images/train/open_000186.jpg,images/train/open_000186.jpg,smoke open image 186,128,128,1f516a10981f4af3fcac092f3c2f2a2e6dda91a6d05dac5bc6bd97421784ce74,1,
openimages_b2166c8b895d25ac37ce0366,openimages,data/raw_smoke/openimages/images/train/open_000187.jpg,images/train/open_000187.jpg,smoke open image 187,128,128,b8486db3585e3045959db40dbfcf8a1511f13824eb632a4792a0803b8f50859f,1,
openimages_b4c59f67038db9d57adcc842,openimages,data/raw_smoke/openimages/images/train/open_000188.jpg,images/train/open_000188.jpg,smoke open image 188,128,128,466f31a28fcf20186835bb812bc5df4ed18382b694db317b3111d8a733f10c1c,1,
openimages_85837746efaf73c6bc16e4c2,openimages,data/raw_smoke/openimages/images/train/open_000189.jpg,images/train/open_000189.jpg,smoke open image 189,128,128,5aa723264b7f967942ad1277e9a770977bb85c162abcb69e1fe6fbaf6dabaffd,1,
openimages_24b2a532bd6a8b43dd3d88c8,openimages,data/raw_smoke/openimages/images/train/open_000190.jpg,images/train/open_000190.jpg,smoke open image 190,128,128,1f9f2e6e8faf48fe10babdc45e42224b3211eef5f07d16ef58ac1b8385c5f783,1,
openimages_20d89bf6db4b1b6f27c1e52f,openimages,data/raw_smoke/openimages/images/train/open_000191.jpg,images/train/open_000191.jpg,smoke open image 191,128,128,fc1cf3c51d34d309a7cf091f5252af5e01de5e6805f063f501ff183750d01b0f,1,
openimages_14de0eaf2e068bce04da2497,openimages,data/raw_smoke/openimages/images/train/open_000192.jpg,images/train/open_000192.jpg,smoke open image 192,128,128,5201389212bd867471b3e59abec85558b74a71fc7826deeb1b1b012eef1da614,1,
openimages_137e8bb15c991a7f0b134401,openimages,data/raw_smoke/openimages/images/train/open_000193.jpg,images/train/open_000193.jpg,smoke open image 193,128,128,2681877b910294d9efd493c17368fa9b8b1cf9cd1ca74e185ef4c51451765428,1,
openimages_c6d5eb2442d3ec1dcd0f2067,openimages,data/raw_smoke/openimages/images/train/open_000194.jpg,images/train/open_000194.jpg,smoke open image 194,128,128,00cdd35fb9f7e8a96136fd8ea4ff27d7e3745956e766db2e65e32fae32cf4979,1,
openimages_5f4605f01d1e1b96e01808cc,openimages,data/raw_smoke/openimages/images/train/open_000195.jpg,images/train/open_000195.jpg,smoke open image 195,128,128,4b5ac28c7885509455b172ab8000925da493f45c53bcc9d0573c02e630e06a29,1,
openimages_d1f6be1abbb230aaf31f269d,openimages,data/raw_smoke/openimages/images/train/open_000196.jpg,images/train/open_000196.jpg,smoke open image 196,128,128,021bcc783e75fed1f73095dee525b5bb8b7212d7372e1adfd5247867ab7a66ae,1,
openimages_64469c04f4ab39724ae72189,openimages,data/raw_smoke/openimages/images/train/open_000197.jpg,images/train/open_000197.jpg,smoke open image 197,128,128,4fe8e1cfb74c8e4fa6f16895ddf31091ca667e62aa5f61a773257b76efea6faf,1,
openimages_7160d24ea29ddaa97bf5194e,openimages,data/raw_smoke/openimages/images/train/open_000198.jpg,images/train/open_000198.jpg,smoke open image 198,128,128,1b8b3cec155d475c5611909d049cf0aee5d3379603c1cb312eec969fdad9e8aa,1,
openimages_f96a3061f14b5482e2d1b59a,openimages,data/raw_smoke/openimages/images/train/open_000199.jpg,images/train/open_000199.jpg,smoke open image 199,128,128,622f39cb455905bec4e7140141b400ee34f61293acdaa8bca2ee16208b38aabd,1,
openimages_b0fab93afc41b2a3b7604dea,openimages,data/raw_smoke/openimages/images/train/open_000200.jpg,images/train/open_000200.jpg,smoke open image 200,128,128,77682871486bdcab48d7eb7eaae5c300a721ff22e3f2207e7fdfc8339cbc817b,1,
openimages_e40d32eef46e4135a066f984,openimages,data/raw_smoke/openimages/images/train/open_000201.jpg,images/train/open_000201.jpg,smoke open image 201,128,128,d67dd8855aceebdbc6e87ba4dc1073e706dea727e5d299b9a1afa531913a49ed,1,
openimages_5402de449c8a7ee1dfe15511,openimages,data/raw_smoke/openimages/images/train/open_000202.jpg,images/train/open_000202.jpg,smoke open image 202,128,128,287fd0d8224795b766eb9602a466afa02d9d233e89d9dfa37d9013c3f0792d7e,1,
openimages_87ac1daf05803aff2b9b111b,openimages,data/raw_smoke/openimages/images/train/open_000203.jpg,images/train/open_000203.jpg,smoke open image 203,128,128,71b4b1d9daf02231a9b94a2d4bb343c73ec669b8d1c8aed559a25c9eaac2cf2f,1,
openimages_535527d91400527f22648279,openimages,data/raw_smoke/openimages/images/train/open_000204.jpg,images/train/open_000204.jpg,smoke open image 204,128,128,f63c9e0278109f2516203d2eb8518d9e53ef7c099e22dee013999c3b504d30e3,1,
openimages_16b9cda1b32d2301996ddbb2,openimages,data/raw_smoke/openimages/images/train/open_000205.jpg,images/train/open_000205.jpg,smoke open image 205,128,128,9ec314486c0bfc830ba27d6cd0de2df2af17dffffa57451635cdbb93760e21ef,1,
openimages_95e84c8cdcef6e1839201b60,openimages,data/raw_smoke/openimages/images/train/open_000206.jpg,images/train/open_000206.jpg,smoke open image 206,128,128,4ba941c408a2acaa50b1e554802a87dfc100fd927accc8cdb8e4f72882075f43,1,
openimages_a208de8cf64d0d480cad9bdb,openimages,data/raw_smoke/openimages/images/train/open_000207.jpg,images/train/open_000207.jpg,smoke open image 207,128,128,38fba0d4ef8080ad69fcf48774b72cf71f8b7351564cde5dc9b3f2db2e9327d7,1,
openimages_1777ff3c9572e58de57b62c3,openimages,data/raw_smoke/openimages/images/train/open_000208.jpg,images/train/open_000208.jpg,smoke open image 208,128,128,4e6267603fcf42505e975a4748b6d7a8971c6818be0ba41c8243a6248c1578f9,1,
openimages_904b4a9a5ac546067d32d39d,openimages,data/raw_smoke/openimages/images/train/open_000209.jpg,images/train/open_000209.jpg,smoke open image 209,128,128,f9718af5868928b49e9e221925b26ce5b6f05f645622f17b55b9755ae3c65bfc,1,
openimages_72e0be0ed5873a89523d6cf9,openimages,data/raw_smoke/openimages/images/train/open_000210.jpg,images/train/open_000210.jpg,smoke open image 210,128,128,e090d68ced9eab53db4deeeb6e30fa9ada989be54d31e85ae7e9c9cc8489de94,1,
openimages_2407f210f3e50e4d377f01b8,openimages,data/raw_smoke/openimages/images/train/open_000211.jpg,images/train/open_000211.jpg,smoke open image 211,128,128,603e557b57bc7e07c66a14231b69f95df9147ae59758de7a739cbc7be2cad455,1,
openimages_c2f35055c6569fe1aefce54b,openimages,data/raw_smoke/openimages/images/train/open_000212.jpg,images/train/open_000212.jpg,smoke open image 212,128,128,0fb6834e95bf1535bb33e06c1c5d83d89a9d91591e9d22bca4a750d79376b111,1,
openimages_3bd8ef7a7f5932fec37f863e,openimages,data/raw_smoke/openimages/images/train/open_000213.jpg,images/train/open_000213.jpg,smoke open image 213,128,128,4515c72db9cfa520810679ca8bf5583062a816909b5d88cd2042ebdf27530d37,1,
openimages_1872866c8d952aafc9c1366e,openimages,data/raw_smoke/openimages/images/train/open_000214.jpg,images/train/open_000214.jpg,smoke open image 214,128,128,b0e7d657647fbe79a5a065acac31c905c776697fd01132367e0c1ffd19c6cddf,1,
openimages_a7429c72f4bbd3c56d43f32c,openimages,data/raw_smoke/openimages/images/train/open_000215.jpg,images/train/open_000215.jpg,smoke open image 215,128,128,e4af492cedb9263c976dcde14391968f8b41092a6521a82d8ed08219b547cadd,1,
openimages_9b66478cb1e8af43b57a1231,openimages,data/raw_smoke/openimages/images/train/open_000216.jpg,images/train/open_000216.jpg,smoke open image 216,128,128,7fe5a289737e748a6cd54513263547a3d7ac9adb43a4039ae45b5ac0c849f657,1,
openimages_adc7248a7fe108dc335f888e,openimages,data/raw_smoke/openimages/images/train/open_000217.jpg,images/train/open_000217.jpg,smoke open image 217,128,128,a1bc7dd7871459efb7a3aaa6eba0ada5f8c9afcc9630d244bbe0a892510931ea,1,
openimages_ca941fd5b05200a0dcdaf9a9,openimages,data/raw_smoke/openimages/images/train/open_000218.jpg,images/train/open_000218.jpg,smoke open image 218,128,128,5bdb0c8199ccd01eaba88b2e252ece29361aa5b6178a0cbd8135df55e39a2028,1,
openimages_bf688c7a0f2574ef8585f8e5,openimages,data/raw_smoke/openimages/images/train/open_000219.jpg,images/train/open_000219.jpg,smoke open image 219,128,128,966b50b45dd6f3301722b3029b75374a8cba8cea186527fa56fa1060659f928b,1,
openimages_ffd7a830a30bb48f9680a1aa,openimages,data/raw_smoke/openimages/images/train/open_000220.jpg,images/train/open_000220.jpg,smoke open image 220,128,128,4ad3f4e42c942af996969dccf99b78711ff802b68656829da73b6ae42aa4e99a,1,
openimages_138fdba54803ea63443a5157,openimages,data/raw_smoke/openimages/images/train/open_000221.jpg,images/train/open_000221.jpg,smoke open image 221,128,128,c73b15fcde6bf40eaea3de9f04f284d2cf2846695ff160c290eb3a2c3cc08ff1,1,
openimages_d49e0fa177cc40de186e915e,openimages,data/raw_smoke/openimages/images/train/open_000222.jpg,images/train/open_000222.jpg,smoke open image 222,128,128,5a3394b80a048fac5d859f625e6d6ba05b74261fed492abdaa19ef6c05014cff,1,
openimages_bc46fddd1f9a1f001a47bba1,openimages,data/raw_smoke/openimages/images/train/open_000223.jpg,images/train/open_000223.jpg,smoke open image 223,128,128,ab2f8269612b94613fc0c8264bf1cdb775ea07285a692e811e60d3ef109b34fa,1,
openimages_064aad0044745fb8b17d43a3,openimages,data/raw_smoke/openimages/images/train/open_000224.jpg,images/train/open_000224.jpg,smoke open image 224,128,128,45bcee6879ef968b06660d6715c4a0f62a5c7171fe89ee77756c06852c87328f,1,
openimages_57d5aabcb859c40afb3a6a48,openimages,data/raw_smoke/openimages/images/train/open_000225.jpg,images/train/open_000225.jpg,smoke open image 225,128,128,6b4e6d52f4bc212adc2cdcd7ecff7e11a928ad207a4d5689ec979f4d2d224e60,1,
openimages_e69c0984adcd1b476879df2f,openimages,data/raw_smoke/openimages/images/train/open_000226.jpg,images/train/open_000226.jpg,smoke open image 226,128,128,ebab2b692e5dcd202988e7fecd7be844a41dd52ba8efe237a8fd77f8da8c8257,1,
openimages_b259e7c05c65662a3b058abd,openimages,data/raw_smoke/openimages/images/train/open_000227.jpg,images/train/open_000227.jpg,smoke open image 227,128,128,c83d4eb637c2da94c55a78840898bf0908f0071bbf23a7e4b3139a68c50102d3,1,
openimages_c2597efe2c3917b4484c0293,openimages,data/raw_smoke/openimages/images/train/open_000228.jpg,images/train/open_000228.jpg,smoke open image 228,128,128,52ddc3cc12b17fb87a127260f954ddb24d503d63a9227acb1464fe70f0837c8f,1,
openimages_2b8932c930a750a31b6f0ff3,openimages,data/raw_smoke/openimages/images/train/open_000229.jpg,images/train/open_000229.jpg,smoke open image 229,128,128,9fe63bc3c63a16cff4f59f7f05141a68eeca1cf130143f72dd5e13166ba36e5c,1,
openimages_dea3f2c8ca5a835e47d02ef3,openimages,data/raw_smoke/openimages/images/train/open_000230.jpg,images/train/open_000230.jpg,smoke open image 230,128,128,6bd3fe40f2a21ef0bd9e4adda2dd4fcc5cafebe1ab0bcc6540f50aa3e1778bec,1,
openimages_4fb51252ec9a04474c2a2f94,openimages,data/raw_smoke/openimages/images/train/open_000231.jpg,images/train/open_000231.jpg,smoke open image 231,128,128,05915788d08a4cced0bcf779c6c611533e1d2d937bdcfff955a3863c2ae1b4a7,1,
openimages_4ee6ef887bfeae0db4b00cf3,openimages,data/raw_smoke/openimages/images/train/open_000232.jpg,images/train/open_000232.jpg,smoke open image 232,128,128,bd3d53395546e2aade68a87fa7bdccc24b26e7918f1b95503435fb5f3504f5bc,1,
openimages_8d0d78fdaf6d7ba55e90ba52,openimages,data/raw_smoke/openimages/images/train/open_000233.jpg,images/train/open_000233.jpg,smoke open image 233,128,128,34fdfa2575a101540b5a0ec0a1fa737244bf35973cebe19d7011b389f22b3b1d,1,
openimages_a841ae8a1a59f1bda49e24a4,openimages,data/raw_smoke/openimages/images/train/open_000234.jpg,images/train/open_000234.jpg,smoke open image 234,128,128,38c9e67cab600b11cceaaa61be53b0b3a54f41488653f4ff1ba7f32e114e7d6a,1,
openimages_914eafbd5833956cc5584194,openimages,data/raw_smoke/openimages/images/train/open_000235.jpg,images/train/open_000235.jpg,smoke open image 235,128,128,dc93f38932ae1294dd89c883c8fd15e3479d7cd0af2996df21cea147fbd5ab2a,1,
openimages_363fb780c3155f6a682d3985,openimages,data/raw_smoke/openimages/images/train/open_000236.jpg,images/train/open_000236.jpg,smoke open image 236,128,128,7c5c8234883b9247ff35a8e6ba7b97951e8913e17bca9788044ed2e78c4f2a43,1,
openimages_33c82189fda1365609840754,openimages,data/raw_smoke/openimages/images/train/open_000237.jpg,images/train/open_000237.jpg,smoke open image 237,128,128,6779e97587602cd5778276705204fd186506d78ec1460ef822c14cffb5cdddf0,1,
openimages_6d2c495946baa0a6f7d53826,openimages,data/raw_smoke/openimages/images/train/open_000238.jpg,images/train/open_000238.jpg,smoke open image 238,128,128,e8295be200210e764d38173c985498659f4458241b52a4d324e34b6aae88a617,1,
openimages_68373b5bed23093155f09b63,openimages,data/raw_smoke/openimages/images/train/open_000239.jpg,images/train/open_000239.jpg,smoke open image 239,128,128,0e23223a5d5c018170d123d79efead0d35059b4848d97ed8bfc97920f3ee2c2c,1,
openimages_4270eac4ee215b7859c1e413,openimages,data/raw_smoke/openimages/images/train/open_000240.jpg,images/train/open_000240.jpg,smoke open image 240,128,128,41208d89d0847243ebc3eaceadabbfbe30a70cf90ef936ab20768c1c501da222,1,
openimages_91f7e0db27992bf331d5cce3,openimages,data/raw_smoke/openimages/images/train/open_000241.jpg,images/train/open_000241.jpg,smoke open image 241,128,128,96932c5cbd2c932377a53b7ed718c66925a110859a96199443ec21357747b56b,1,
openimages_63b8c7c7f682d401e0d60275,openimages,data/raw_smoke/openimages/images/train/open_000242.jpg,images/train/open_000242.jpg,smoke open image 242,128,128,9fb349e829ac18b756f17ed71b3807912479148a3b19eb32eb435fa13856d117,1,
openimages_bb38f6f5fa822754a37ada7f,openimages,data/raw_smoke/openimages/images/train/open_000243.jpg,images/train/open_000243.jpg,smoke open image 243,128,128,e5869f9541c345a269299303ecc9c3d93527da86e679e92cbbc8e0f118605a5f,1,
openimages_317af6bb5db73a387cb27e14,openimages,data/raw_smoke/openimages/images/train/open_000244.jpg,images/train/open_000244.jpg,smoke open image 244,128,128,6a8c2f59b5677eb6506b2437b3c6e71ada851c18a19c0a680a5f2ceefc732049,1,
openimages_2a12974c0729f78de9d6850d,openimages,data/raw_smoke/openimages/images/train/open_000245.jpg,images/train/open_000245.jpg,smoke open image 245,128,128,22220bd97678610b851739780becc186ec691eb390475d345c9935114a3bafd0,1,
openimages_8e3b7310f4ce39614d93bafb,openimages,data/raw_smoke/openimages/images/train/open_000246.jpg,images/train/open_000246.jpg,smoke open image 246,128,128,76ebd20d878357326290ed37cd6fa7fb134fc0dab13fcb3a4e3a4ec2a6388244,1,
openimages_00479d8d77aa81fb176f679e,openimages,data/raw_smoke/openimages/images/train/open_000247.jpg,images/train/open_000247.jpg,smoke open image 247,128,128,7c8a98412a09275c603dbe363ccbfedd265dfdeedd39cd0c675176a58e4b9d09,1,
openimages_a9b1cc712668eaf73ca3628f,openimages,data/raw_smoke/openimages/images/train/open_000248.jpg,images/train/open_000248.jpg,smoke open image 248,128,128,5f7babac420813211b8b3365f9f986cda6163ce0f47127fdbb19b3d0e1e0b254,1,
openimages_3251baf5d80ca2d27458fe22,openimages,data/raw_smoke/openimages/images/train/open_000249.jpg,images/train/open_000249.jpg,smoke open image 249,128,128,9457e0af9780009d0d4499cb51b6e90032cc732520cfc4e2ebd7232dea4bd4a3,1,
openimages_bda2b0be0272811cc1ebcfac,openimages,data/raw_smoke/openimages/images/train/open_000250.jpg,images/train/open_000250.jpg,smoke open image 250,128,128,f467177a166083eec54707a19be58e2f5566d06ddfe2e2faf45620540db10245,1,
openimages_8236541e5e66954c814d6baa,openimages,data/raw_smoke/openimages/images/train/open_000251.jpg,images/train/open_000251.jpg,smoke open image 251,128,128,d092ed208e3cf88838b8d50bf49eaf5cced70d4398d400d3d41e2e3a6a82f099,1,
openimages_d19f5b0e250a4efc7be02cba,openimages,data/raw_smoke/openimages/images/train/open_000252.jpg,images/train/open_000252.jpg,smoke open image 252,128,128,0bbd10d8340061b643c7c4a2a5dbed4ac7d46630d8457ad3a1f1b9c20f2f5f30,1,
openimages_2bc137c2ba6c15cbf02e9db6,openimages,data/raw_smoke/openimages/images/train/open_000253.jpg,images/train/open_000253.jpg,smoke open image 253,128,128,2dfd30666e624893b5fab61a0010291d45fbf4168acadc2a4d261f6fb5fbd9fe,1,
openimages_1a02146db4b5434ad9a657bc,openimages,data/raw_smoke/openimages/images/train/open_000254.jpg,images/train/open_000254.jpg,smoke open image 254,128,128,f7954dded4660c5e9ed951b460a3bbd1cc26348a63e32425b25c485d1f695057,1,
openimages_9990e80e694be7db7eb11490,openimages,data/raw_smoke/openimages/images/train/open_000255.jpg,images/train/open_000255.jpg,smoke open image 255,128,128,33cc55a848cdc2aa6d53f0fe10a7ade77489f75800013f62756233957be77339,1,
openimages_9cc1d420c56dbe91c60f04d2,openimages,data/raw_smoke/openimages/images/train/open_000256.jpg,images/train/open_000256.jpg,smoke open image 256,128,128,6f99798d7630e69b9082ec2982f477215089bc101deb24bd2ed7885299d0ebf1,1,
openimages_1be480c764e1fcea5f1ad2a1,openimages,data/raw_smoke/openimages/images/train/open_000257.jpg,images/train/open_000257.jpg,smoke open image 257,128,128,3bf22440156dfe7c364c37a77121a02e10b897c4f621fc062e3b97be768029c2,1,
openimages_b0725dad8bfe7fb95ba70926,openimages,data/raw_smoke/openimages/images/train/open_000258.jpg,images/train/open_000258.jpg,smoke open image 258,128,128,ab88eea46d8564aa8701c6d95739289f26f3bef5b682f53bd2e3dc35b6d8380e,1,
openimages_af32a94d8771e9f47e322d5f,openimages,data/raw_smoke/openimages/images/train/open_000259.jpg,images/train/open_000259.jpg,smoke open image 259,128,128,0383385f8a87f0162aa405390695380a1c16cc85b61dd878349ea38abb6f505e,1,
openimages_9c897ee2d7b8884ec795440a,openimages,data/raw_smoke/openimages/images/train/open_000260.jpg,images/train/open_000260.jpg,smoke open image 260,128,128,ce208b2cd0137f80fb1be8adff751200c934cf74bb17d1eed4c2b68fdb86aad3,1,
openimages_594fa14da6732fcef6c7def0,openimages,data/raw_smoke/openimages/images/train/open_000261.jpg,images/train/open_000261.jpg,smoke open image 261,128,128,e2b4725d11021881e71096cddeef0b326f191ba396313e1c9efc35fb8f3e56da,1,
openimages_473553325f657ed53341f27e,openimages,data/raw_smoke/openimages/images/train/open_000262.jpg,images/train/open_000262.jpg,smoke open image 262,128,128,3b1c433d717c73333e5d3bb7bdeddebf2575a923eaae2e272757202a39be4f4c,1,
openimages_68aacf60a142a4eb9bdf2224,openimages,data/raw_smoke/openimages/images/train/open_000263.jpg,images/train/open_000263.jpg,smoke open image 263,128,128,8aeccadb9e25f22c5446720b2e30d516f5cf60cec57a7441acb258437a3e5266,1,
openimages_8dc27cb1b50cc5b7890cbe6e,openimages,data/raw_smoke/openimages/images/train/open_000264.jpg,images/train/open_000264.jpg,smoke open image 264,128,128,089120ef555cac6222a0b282d9b6a29130d514c22c6c16d3b8578cf8b3c2c967,1,
openimages_da3937d2ba7fb993bbe6a7a2,openimages,data/raw_smoke/openimages/images/train/open_000265.jpg,images/train/open_000265.jpg,smoke open image 265,128,128,de60a92b535aea03aad74ae18d59d6e07c38830d10e3b3cd9f244a6f5f578914,1,
openimages_0b63cefbf7bf84ca7b07fd20,openimages,data/raw_smoke/openimages/images/train/open_000266.jpg,images/train/open_000266.jpg,smoke open image 266,128,128,daf4f2a37cbafdc42c945fdb20a7d25c4e7f3f66f60c270a40ace0263881c7ce,1,
openimages_0f2c9373e27f62977d8f0020,openimages,data/raw_smoke/openimages/images/train/open_000267.jpg,images/train/open_000267.jpg,smoke open image 267,128,128,016cdbbdebcc85f390e5e42f4ba83eb4f744fdffd9499fd99ce592a96ff11850,1,
openimages_85d7ce918f1408bba3cd3e8b,openimages,data/raw_smoke/openimages/images/train/open_000268.jpg,images/train/open_000268.jpg,smoke open image 268,128,128,0aff0365f485aac03cd83c5df6ae113f8f1ae2dd0146720ee731e0e356db9b4c,1,
openimages_94ee3b1045f3400d73fa0909,openimages,data/raw_smoke/openimages/images/train/open_000269.jpg,images/train/open_000269.jpg,smoke open image 269,128,128,3fdd336de72ed0da6bb2159102fe56a813827bffb76e0da2978ed28a6040ecb1,1,
openimages_69d1869cc625dfe58438d569,openimages,data/raw_smoke/openimages/images/train/open_000270.jpg,images/train/open_000270.jpg,smoke open image 270,128,128,076ce24e946633c249f34ecc93654ed61e839f596213b44004dea0353654ce9e,1,
openimages_09e7e2c39ab4729c1e1338b1,openimages,data/raw_smoke/openimages/images/train/open_000271.jpg,images/train/open_000271.jpg,smoke open image 271,128,128,cd799aa324457d9aee26e95d21449e4927c28d4764a2d6da757e2ca05a977c07,1,
openimages_76477d6108358acc35b74861,openimages,data/raw_smoke/openimages/images/train/open_000272.jpg,images/train/open_000272.jpg,smoke open image 272,128,128,b8ee647c1997f4a803bafe4286034ee5104c8ba5c6fd70fad91c10d8b64d8efa,1,
openimages_7c1e76e1b956b8aec754566d,openimages,data/raw_smoke/openimages/images/train/open_000273.jpg,images/train/open_000273.jpg,smoke open image 273,128,128,df5d1e4da9771505d2de87f4e8e766672cc5f7ba2e9b779c6494e7f3f249c9d4,1,
openimages_0724acac86d31f6da3425ab1,openimages,data/raw_smoke/openimages/images/train/open_000274.jpg,images/train/open_000274.jpg,smoke open image 274,128,128,a1811c8a2f5678443c6508246eac91473a3c475c10a45b95fc101160a8397416,1,
openimages_ea5040fab0ccacb010db1ae3,openimages,data/raw_smoke/openimages/images/train/open_000275.jpg,images/train/open_000275.jpg,smoke open image 275,128,128,40e787299a33f7190ef4b859771a98dc438f5915c240574b47d2628dd6b91292,1,
openimages_e965111cb270d031b422e53b,openimages,data/raw_smoke/openimages/images/train/open_000276.jpg,images/train/open_000276.jpg,smoke open image 276,128,128,4832b1b86920de7d48d2e2c52c7c604b1740fd9f7e6f07a6e6c9f179a5f114e9,1,
openimages_47d37a7c57464b173271af8f,openimages,data/raw_smoke/openimages/images/train/open_000277.jpg,images/train/open_000277.jpg,smoke open image 277,128,128,2ef5217701e0e964dbe6c2ae0da38ec27274f34e75090aa50ce90e4098536023,1,
openimages_6bbf0c6e9025f225b0cf9e3e,openimages,data/raw_smoke/openimages/images/train/open_000278.jpg,images/train/open_000278.jpg,smoke open image 278,128,128,6e7df7e257bf5c9c10147ae6244700bd969b0e0f5496e634734cfd85f94c7a19,1,
openimages_cef47ef35a23c75e5aabd495,openimages,data/raw_smoke/openimages/images/train/open_000279.jpg,images/train/open_000279.jpg,smoke open image 279,128,128,16283174172ac6fe27c52f08d744c951e1387f80a48efa6693d19a2050f3c8ae,1,
openimages_3ec3372ed5a72da918aac530,openimages,data/raw_smoke/openimages/images/train/open_000280.jpg,images/train/open_000280.jpg,smoke open image 280,128,128,edeb9860976b9cab24d186a86bd38854b0a6f8314732412e845954a7d51710b2,1,
openimages_f80531be53f827ce62f479a3,openimages,data/raw_smoke/openimages/images/train/open_000281.jpg,images/train/open_000281.jpg,smoke open image 281,128,128,f185deb7d900cbbfb62e17d12595779642ccbbec66aade27703c3c00043baf6e,1,
openimages_4edcac89124bdd5d13fc376d,openimages,data/raw_smoke/openimages/images/train/open_000282.jpg,images/train/open_000282.jpg,smoke open image 282,128,128,eb51ba4337410480497f6c8ac11e14ce30acccfed87524a0ddeba88cfd381617,1,
openimages_80d4254c5a4cba0ba64cbbc9,openimages,data/raw_smoke/openimages/images/train/open_000283.jpg,images/train/open_000283.jpg,smoke open image 283,128,128,66179a7843317ee871b37400d2665268450cb1d19340156b6f2b383795507651,1,
openimages_472b5eab7ccf18b2f21c5814,openimages,data/raw_smoke/openimages/images/train/open_000284.jpg,images/train/open_000284.jpg,smoke open image 284,128,128,e1c22c22fa870dbfc93997a3110a9a047c3101d21f040cf85fe90fe577259826,1,
openimages_90dcb1e1957bc6e537b0a920,openimages,data/raw_smoke/openimages/images/train/open_000285.jpg,images/train/open_000285.jpg,smoke open image 285,128,128,fe9a0b4b00b07b4fbd1d409623ae1339195c76f17de2204f2901642cad34c87c,1,
openimages_c29b085308b86267d75644fe,openimages,data/raw_smoke/openimages/images/train/open_000286.jpg,images/train/open_000286.jpg,smoke open image 286,128,128,fd9629df0c86fa42d2b1a3307cad3f4cef328ff9bc063d815bba9674d9827902,1,
openimages_4b411d754e363259bd14d6ac,openimages,data/raw_smoke/openimages/images/train/open_000287.jpg,images/train/open_000287.jpg,smoke open image 287,128,128,71564a45340c4960bdf99a84b2bae3845669bcbed24716ab8993c7a66250e759,1,
openimages_99d92f169866a3a412d1ed55,openimages,data/raw_smoke/openimages/images/train/open_000288.jpg,images/train/open_000288.jpg,smoke open image 288,128,128,321d5462c7fe57d145e288753572a6bad847261c2269e83a0ae135087fd5a7fa,1,
openimages_c6c63d997608f701ba01dd4d,openimages,data/raw_smoke/openimages/images/train/open_000289.jpg,images/train/open_000289.jpg,smoke open image 289,128,128,a7fe72009c824a7588016ff435b4f8ec005d0be9662740c6b2956d0d3ec24b6c,1,
openimages_484e08f00d3e81c8cc3a4ea1,openimages,data/raw_smoke/openimages/images/train/open_000290.jpg,images/train/open_000290.jpg,smoke open image 290,128,128,21df7af6ba6b8a4c409ec92c07a8f184ebcc4bb09e89ec4069ae149b6f5dc99b,1,
openimages_e3ab032502e1f89adb88dc5d,openimages,data/raw_smoke/openimages/images/train/open_000291.jpg,images/train/open_000291.jpg,smoke open image 291,128,128,2036731541209b0d61f6923647ef53a2eb7998416333debe984a519f5511e72e,1,
openimages_088a09b8f1c64fcfc6e49e8d,openimages,data/raw_smoke/openimages/images/train/open_000292.jpg,images/train/open_000292.jpg,smoke open image 292,128,128,1d5ff55d1f8ea0935ec805b7eeb9af1b62fa796e45b181f25e46a6d9cc8d54d1,1,
openimages_1351bd5b6d9c1221443c5e16,openimages,data/raw_smoke/openimages/images/train/open_000293.jpg,images/train/open_000293.jpg,smoke open image 293,128,128,da9d25b5398acb819d172ac24633e43293b379ca43bfca735bbd789d34625274,1,
openimages_e5975f6bf6dbd709da8102be,openimages,data/raw_smoke/openimages/images/train/open_000294.jpg,images/train/open_000294.jpg,smoke open image 294,128,128,cf6efcfd56b5e5f3e012e8a1bf6dc0516bddaf438a2eb7f7168b91e1ef442e83,1,
openimages_095cd10c4e9ba216ab2d12ca,openimages,data/raw_smoke/openimages/images/train/open_000295.jpg,images/train/open_000295.jpg,smoke open image 295,128,128,6d60dae480dc8a9e6936bf4aa8350de96271ed55af8123f7b2209b8861a98410,1,
openimages_ac8fcb62b482b8a57ec3201a,openimages,data/raw_smoke/openimages/images/train/open_000296.jpg,images/train/open_000296.jpg,smoke open image 296,128,128,6adeb84b6974b475da43f8672bcc39ede609e7ef614d6bd9e9c284e9119fee88,1,
openimages_5fb5ce0743c8c2b153849cdf,openimages,data/raw_smoke/openimages/images/train/open_000297.jpg,images/train/open_000297.jpg,smoke open image 297,128,128,b8f101b9a91bd36d77ae6fee34384162969ba3b8b9b5c146c697098538dfad6d,1,
openimages_242145c18a811fcc6e813974,openimages,data/raw_smoke/openimages/images/train/open_000298.jpg,images/train/open_000298.jpg,smoke open image 298,128,128,e4be377e6585ab451fb7be5e0b7357c14434c9eecf6524b238db8800115a9964,1,
openimages_ad4cc0ec10454f18793b5b5e,openimages,data/raw_smoke/openimages/images/train/open_000299.jpg,images/train/open_000299.jpg,smoke open image 299,128,128,c70fafdd3ab6ac69ff7bfec134f5c9fa3e3eb33a54cec63849e5a901a98ea71b,1,
openimages_1a0386bdfb7948e389e4efd2,openimages,data/raw_smoke/openimages/images/train/open_000300.jpg,images/train/open_000300.jpg,smoke open image 300,128,128,3e7f95547891800a4de33b698c3611861b65bacef89487da5ab2b8cc8be15d63,1,
openimages_c5a2ef4410974b8bef86dd97,openimages,data/raw_smoke/openimages/images/train/open_000301.jpg,images/train/open_000301.jpg,smoke open image 301,128,128,8ea5d61b821e02ec5366a52f83119ee04af63a1d26fcdc79f598d94204b32f8e,1,
openimages_63f4ce730e10c24b7da31f86,openimages,data/raw_smoke/openimages/images/train/open_000302.jpg,images/train/open_000302.jpg,smoke open image 302,128,128,16585bcb995858b755815647f5274a2ecf75ddc9b8de6087ed9ade2e0a6d93ad,1,
openimages_5182398393e8b1788c5ecfa5,openimages,data/raw_smoke/openimages/images/train/open_000303.jpg,images/train/open_000303.jpg,smoke open image 303,128,128,2c8fd8c5ef4001967dd77bd84cfd29bdbe0c6638709a735fc847641377a071a6,1,
openimages_efa29ed78628ca208eac6212,openimages,data/raw_smoke/openimages/images/train/open_000304.jpg,images/train/open_000304.jpg,smoke open image 304,128,128,8cb6d019122510a8775b4cad94038f9d9dc7f1b082eb564ab61e36422e140d1d,1,
openimages_79acbac30372a22f1bf03113,openimages,data/raw_smoke/openimages/images/train/open_000305.jpg,images/train/open_000305.jpg,smoke open image 305,128,128,e83e68cb5dcb8280939d480f0789443b0d5bb3af343a9adad6b5809d001d5909,1,
openimages_1dd279ef5bcadc8bd155d32d,openimages,data/raw_smoke/openimages/images/train/open_000306.jpg,images/train/open_000306.jpg,smoke open image 306,128,128,681a0c292f508a8f1c9ef6ba99f982fdbf3d75a30a2324fdb4c1d770a73e141f,1,
openimages_c055bf26943fc08d73817b29,openimages,data/raw_smoke/openimages/images/train/open_000307.jpg,images/train/open_000307.jpg,smoke open image 307,128,128,615b5043a873a5f6244b32e9e9c24d2d1f807fe1817635867ee072872b8d5e7b,1,
openimages_b8268e2add457861d81d71c0,openimages,data/raw_smoke/openimages/images/train/open_000308.jpg,images/train/open_000308.jpg,smoke open image 308,128,128,3378de5cf46417650eff2fc07539ec801fa61d413474f03e046e88d19e1eaff4,1,
openimages_37dea7ba084f8b80fae94dc6,openimages,data/raw_smoke/openimages/images/train/open_000309.jpg,images/train/open_000309.jpg,smoke open image 309,128,128,2ef53ff4accfbcfdffb03725db85698b4e58ee7082af16a2bcc21340d3ff54c7,1,
openimages_d5f9dd115eb58261fb3b498b,openimages,data/raw_smoke/openimages/images/train/open_000310.jpg,images/train/open_000310.jpg,smoke open image 310,128,128,7efb33131e442c9b7a217117d612acfafcc7bf0f3a3c165db8f238a622ec2a0b,1,
openimages_7d7044ad2a9fa6f7859beed9,openimages,data/raw_smoke/openimages/images/train/open_000311.jpg,images/train/open_000311.jpg,smoke open image 311,128,128,69048203d8161ded47fa7a059d8ec02dbe36f10aa3138280568bc6ef663a4347,1,
openimages_f16f37bc0115066c35c83323,openimages,data/raw_smoke/openimages/images/train/open_000312.jpg,images/train/open_000312.jpg,smoke open image 312,128,128,45456aca458f25c7c18fa8ee73492e126ebbe015b4c6a16fdfa85c1b0c67f8c5,1,
openimages_3b929b34b94f1d7069e44b62,openimages,data/raw_smoke/openimages/images/train/open_000313.jpg,images/train/open_000313.jpg,smoke open image 313,128,128,edd126656d90a8ba4046b230bff6af30c9bf2c76551b80628aed27ca7cd8569a,1,
openimages_4e2988262bda93aedac83b06,openimages,data/raw_smoke/openimages/images/train/open_000314.jpg,images/train/open_000314.jpg,smoke open image 314,128,128,d91a39898746c756a5ca802e0d8689951a8aa271c61fcec3552b5b4b38e90c19,1,
openimages_8d5ea2fea6ffcb3e64150cd7,openimages,data/raw_smoke/openimages/images/train/open_000315.jpg,images/train/open_000315.jpg,smoke open image 315,128,128,da7f849f00a6e21cded7b05faa39b0c86d364548b8f4a7191756afd5b35cd177,1,
openimages_6a4ac4d8c9840d9cee069677,openimages,data/raw_smoke/openimages/images/train/open_000316.jpg,images/train/open_000316.jpg,smoke open image 316,128,128,e2bdac4b53a3d0649804d9ca119b3eea4e3e49669ee58b87fe24d871125a8fee,1,
openimages_f73cace632405d6ba1da24ba,openimages,data/raw_smoke/openimages/images/train/open_000317.jpg,images/train/open_000317.jpg,smoke open image 317,128,128,8eb59ce472c052e1f7fdcf91edf0744b75342cfa3e2424195e99a00846e466e5,1,
openimages_52363b887935630039cf84f3,openimages,data/raw_smoke/openimages/images/train/open_000318.jpg,images/train/open_000318.jpg,smoke open image 318,128,128,5995fd94616fd3ec01bff9ae299cdb3324ecc4818d75e1fd1ef7edebca4914c3,1,
openimages_f5092b65c72ac6f19a8c52ab,openimages,data/raw_smoke/openimages/images/train/open_000319.jpg,images/train/open_000319.jpg,smoke open image 319,128,128,f334bc8f3c9a6ec5c412a0f4b88960f05eaa45c2962035660bacfbd2c699973b,1,
openimages_ed335f88fbff99c799df15af,openimages,data/raw_smoke/openimages/images/train/open_000320.jpg,images/train/open_000320.jpg,smoke open image 320,128,128,b28f40f3dcac08a9ed6269826afd70b544c2230aca64b6fdee017dcbbb80350b,1,
openimages_ed4c7ea2a5ddc72fcf9dd7fe,openimages,data/raw_smoke/openimages/images/train/open_000321.jpg,images/train/open_000321.jpg,smoke open image 321,128,128,0f53591ed486ea52e04ee76748e3566e4e8c1650fce0d38652b5011bca7af3b4,1,
openimages_66c0e3436057b376c7ffdd87,openimages,data/raw_smoke/openimages/images/train/open_000322.jpg,images/train/open_000322.jpg,smoke open image 322,128,128,1bbc3d506c25088d24e8b38fcb5e3cb9b759cedc16ab6a10320ce5a1b1c7de2d,1,
openimages_28293b0f6ace5c1d734aaa07,openimages,data/raw_smoke/openimages/images/train/open_000323.jpg,images/train/open_000323.jpg,smoke open image 323,128,128,65d07caa87ef729bc7824ce23efa51af385fb49a49c0ebfecae0200e2b75ac39,1,
openimages_6da76557e62ecb708196a42b,openimages,data/raw_smoke/openimages/images/train/open_000324.jpg,images/train/open_000324.jpg,smoke open image 324,128,128,9ea56619a98cc5ffe80dff85e46bceb88e755ec53ef89774ae260eccc7d67644,1,
openimages_6a50b45baf29f9871acb1949,openimages,data/raw_smoke/openimages/images/train/open_000325.jpg,images/train/open_000325.jpg,smoke open image 325,128,128,751bae73ff55ef5ac44702d086df529564982b10986719b6caf68ee027757e00,1,
openimages_a88ecd284beddeb5771bbc35,openimages,data/raw_smoke/openimages/images/train/open_000326.jpg,images/train/open_000326.jpg,smoke open image 326,128,128,e3b6941d5f65d9916181f7cd158e3e9abc2e680bda8d8bdb6fabe71b55a4d23e,1,
openimages_6b34e4bfe81e93b02cea080e,openimages,data/raw_smoke/openimages/images/train/open_000327.jpg,images/train/open_000327.jpg,smoke open image 327,128,128,74c097821f2a74d169330851cde3ac3c11600ca27f86d8ea396b74e2624cfd6e,1,
openimages_f9913a800b7cfd8a93b2039d,openimages,data/raw_smoke/openimages/images/train/open_000328.jpg,images/train/open_000328.jpg,smoke open image 328,128,128,604e0ec166be1919a1109481d985c54ad2a6affb395aeeb22801c0a2d4b9e30e,1,
openimages_a2c634575a97dab723370a25,openimages,data/raw_smoke/openimages/images/train/open_000329.jpg,images/train/open_000329.jpg,smoke open image 329,128,128,b7068b1ecdc3d4dcb94fcf4fd9a0315fc77c14d559773e55d2a6b7a158f80cae,1,
openimages_1fd0cfcc0b42f3b13baa27d5,openimages,data/raw_smoke/openimages/images/train/open_000330.jpg,images/train/open_000330.jpg,smoke open image 330,128,128,b71e58348d10cb5a562c0c982508b8aabfc0423e9d451c9c33cc304a6d52781c,1,
openimages_b49f3254b0f4cce26757f66c,openimages,data/raw_smoke/openimages/images/train/open_000331.jpg,images/train/open_000331.jpg,smoke open image 331,128,128,559e1a5a9724b7be4f5150fcca225c32d7170afcc28451975d35ab5bea2584d3,1,
openimages_ee9490635d4d0a9287d01079,openimages,data/raw_smoke/openimages/images/train/open_000332.jpg,images/train/open_000332.jpg,smoke open image 332,128,128,b47ca19cb3a4bc5f43d181ac4a19cacbced9edffda24102716770077ab6754d4,1,
openimages_68a45d82bd23a89fdd79fcf6,openimages,data/raw_smoke/openimages/images/train/open_000333.jpg,images/train/open_000333.jpg,smoke open image 333,128,128,5002b3332b02225ecb7cd5717fb992a96e42203ee6f2c7cd7aa7fbd9fc3b0229,1,
openimages_a0b2ff2525f593302badbd76,openimages,data/raw_smoke/openimages/images/train/open_000334.jpg,images/train/open_000334.jpg,smoke open image 334,128,128,be78694aa066520fb46136685fbf59cd041bb6ae9863f10dc320a4b760a70728,1,
openimages_4f3f787cb490a24814971eb6,openimages,data/raw_smoke/openimages/images/train/open_000335.jpg,images/train/open_000335.jpg,smoke open image 335,128,128,dbf03cdc53b840a81e3013265c9f616ed8236b1f0cd09dbfbabeb21490cdb0d9,1,
openimages_cae140f6d902c52ee5efd3ad,openimages,data/raw_smoke/openimages/images/train/open_000336.jpg,images/train/open_000336.jpg,smoke open image 336,128,128,172829bbaa8a627ea1d97759b5fc3748315a103ac1ba7b5dc9bb4bc55ba0f78d,1,
openimages_b030148fbf1d7cb8baab5403,openimages,data/raw_smoke/openimages/images/train/open_000337.jpg,images/train/open_000337.jpg,smoke open image 337,128,128,2f72c83d167e44e4b2cda6ba4c7c5889dd81f68a4ed62e1a9dbdd25060de054e,1,
openimages_7c666da8146788e88aee268b,openimages,data/raw_smoke/openimages/images/train/open_000338.jpg,images/train/open_000338.jpg,smoke open image 338,128,128,0c13a85a2f44bef20601ac724f3f1448a370a81a56fbaa124b36a106bef44901,1,
openimages_77d4d2ce275fac5ab716fe20,openimages,data/raw_smoke/openimages/images/train/open_000339.jpg,images/train/open_000339.jpg,smoke open image 339,128,128,c0d70c8cf5045d248e0fe62ed1fca6b550f7dce9c1cb2d7dd47434856372bf49,1,
openimages_18991a019274ab3b13efbc0c,openimages,data/raw_smoke/openimages/images/train/open_000340.jpg,images/train/open_000340.jpg,smoke open image 340,128,128,ad354dd2ac792c2a3f4e1b1456fb51be9beafcc3fec5c0c8682306ae481cabd3,1,
openimages_16d0ddefb9a491a4c87b3fd6,openimages,data/raw_smoke/openimages/images/train/open_000341.jpg,images/train/open_000341.jpg,smoke open image 341,128,128,778a16f41cc13ba0d6b90851c04ac9501f327440816b7ce326420dcb9db6e2f1,1,
openimages_401336b28cc775b8ee8ad92f,openimages,data/raw_smoke/openimages/images/train/open_000342.jpg,images/train/open_000342.jpg,smoke open image 342,128,128,f31c9a1093d03b99aebb88032293fed56657c5ad9182ab4896e0df6b898bca87,1,
openimages_926d95deaabac748cf3a056e,openimages,data/raw_smoke/openimages/images/train/open_000343.jpg,images/train/open_000343.jpg,smoke open image 343,128,128,79d68328451d1217695d5194a7ac8ca0b5293d7d5cc558f48bb99598cad2e8f0,1,
openimages_ba1faf7b9c1c2a3f6f466a6f,openimages,data/raw_smoke/openimages/images/train/open_000344.jpg,images/train/open_000344.jpg,smoke open image 344,128,128,52e21250fd04e247dc1c9e23ef86711800aba46d45049c7fff76dcbecce55708,1,
openimages_20e0eac7adc7b978453b4b87,openimages,data/raw_smoke/openimages/images/train/open_000345.jpg,images/train/open_000345.jpg,smoke open image 345,128,128,3d9955cea0cbccc87897fc7aec632dfbd8c0fc197e893190194f79c63d8f4b3c,1,
openimages_56794d0088279ee273dc16e7,openimages,data/raw_smoke/openimages/images/train/open_000346.jpg,images/train/open_000346.jpg,smoke open image 346,128,128,dd3a3a7adee6288bccc6797dd07c51bbd58a7e451be96446f0ca8dbaa599a158,1,
openimages_6a2a47466f07923a57f74d9e,openimages,data/raw_smoke/openimages/images/train/open_000347.jpg,images/train/open_000347.jpg,smoke open image 347,128,128,dd220e2662bc6ddf7a7dc8e31d3f463523e5491957edbf79f94bdd8360d1a7a7,1,
openimages_03d5d1e58241e0bcf98c6f96,openimages,data/raw_smoke/openimages/images/train/open_000348.jpg,images/train/open_000348.jpg,smoke open image 348,128,128,7224ad92e71b4190380947f3393618895a37c217d57ac61b02df09467e5f48a1,1,
openimages_a8a31ff016fdcf7e0807fd91,openimages,data/raw_smoke/openimages/images/train/open_000349.jpg,images/train/open_000349.jpg,smoke open image 349,128,128,69244966369d31f287e539b34478c45d454d524a4ddbd8cc9f4787754fc25d34,1,
openimages_44d4ab6bd23cd99b9c8fbdd8,openimages,data/raw_smoke/openimages/images/train/open_000350.jpg,images/train/open_000350.jpg,smoke open image 350,128,128,dec372e10c2cbe1f83bcc2e03e0a8d47d8925bfbb11860b0c80ed05367258a36,1,
openimages_2256ef7a9706fab9d21de1bc,openimages,data/raw_smoke/openimages/images/train/open_000351.jpg,images/train/open_000351.jpg,smoke open image 351,128,128,87e8ed4a26dc9e2b0e4179a108b9f186e3c4bf7374df93b2747b6dc242902eb6,1,
openimages_0b3fe07d92951200755f4fa4,openimages,data/raw_smoke/openimages/images/train/open_000352.jpg,images/train/open_000352.jpg,smoke open image 352,128,128,9c5c3ca29146282efcea6abca31605c65d80b5f61cfbbb368369aea7a145182a,1,
openimages_6b9c0497e88efcafb877e849,openimages,data/raw_smoke/openimages/images/train/open_000353.jpg,images/train/open_000353.jpg,smoke open image 353,128,128,74a377974f0fd3f021b21413eaf0d4572348e052c90d7d69ac60fee3b510b77c,1,
openimages_7b33433303d8c9390a09b0a8,openimages,data/raw_smoke/openimages/images/train/open_000354.jpg,images/train/open_000354.jpg,smoke open image 354,128,128,45b2db98a08cf952512eaa700288ef3b0f7268f9fa710f593ad3fe408b83d93a,1,
openimages_a706b16bbcb6030f4a259f96,openimages,data/raw_smoke/openimages/images/train/open_000355.jpg,images/train/open_000355.jpg,smoke open image 355,128,128,82b529f5e202761a1986ffb51341c443c5a140493e82b3406fed6a333f4f8a6c,1,
openimages_140eae2affcde14c66bab17d,openimages,data/raw_smoke/openimages/images/train/open_000356.jpg,images/train/open_000356.jpg,smoke open image 356,128,128,93fc34d4a82cebd184e73c9a5a80d5d9b7c49eaf114675f9d49b251723617dd3,1,
openimages_610de2b44819ba3dfa33eec8,openimages,data/raw_smoke/openimages/images/train/open_000357.jpg,images/train/open_000357.jpg,smoke open image 357,128,128,580674f3908486c97fbef41223d595fcdb7a3a330f06f835232a4a411c7b38cf,1,
openimages_50a7eaeeb090a5a06b8fc5bb,openimages,data/raw_smoke/openimages/images/train/open_000358.jpg,images/train/open_000358.jpg,smoke open image 358,128,128,cf37271c2ab48d4b076b8e5e863df907a3196cec8bde86b4b77a49926dccdb47,1,
openimages_408138e3a896a9990cb1ebe8,openimages,data/raw_smoke/openimages/images/train/open_000359.jpg,images/train/open_000359.jpg,smoke open image 359,128,128,cd1c779ddb03e13e07c61ff3dfbad0a87799f219376fca2777f7ea080bc88385,1,
openimages_48414292048f502a3764d256,openimages,data/raw_smoke/openimages/images/train/open_000360.jpg,images/train/open_000360.jpg,smoke open image 360,128,128,2d970ad8a71f126abe4ce7ec471c960b50e16527273048d6fa0b1490bd2065c6,1,
openimages_5155dda3c973bff3729bac0f,openimages,data/raw_smoke/openimages/images/train/open_000361.jpg,images/train/open_000361.jpg,smoke open image 361,128,128,f3179367ec5478a978c7846d741c09470d38e43114d15a8b4059872a7d4dc29d,1,
openimages_e22138572887af786d51de6e,openimages,data/raw_smoke/openimages/images/train/open_000362.jpg,images/train/open_000362.jpg,smoke open image 362,128,128,7b10f492293385b394025d0f7e945e0b1a822998c6369543e49459bb64cb4810,1,
openimages_9e4df104394569d880b75cba,openimages,data/raw_smoke/openimages/images/train/open_000363.jpg,images/train/open_000363.jpg,smoke open image 363,128,128,a45a88122483b108e8f2ef0ecde4114e8f7139b02dc88e710bf2dfed7385bbea,1,
openimages_4cb97b1706cb146bd1c09efc,openimages,data/raw_smoke/openimages/images/train/open_000364.jpg,images/train/open_000364.jpg,smoke open image 364,128,128,4f00fb0e35f88ab2e63a6094b3b2566cf9322e25a4668abe39b018aa8bd22fce,1,
openimages_8ac3351ce70fa929c4049f88,openimages,data/raw_smoke/openimages/images/train/open_000365.jpg,images/train/open_000365.jpg,smoke open image 365,128,128,10454feb2f1277c8c579906fca0421c3e84d76a81eabe940840080608f354624,1,
openimages_dd6cc8ef663b792b8e8cb47e,openimages,data/raw_smoke/openimages/images/train/open_000366.jpg,images/train/open_000366.jpg,smoke open image 366,128,128,04a722ab14dc6ac7d53346035b9e788777021353522779cecf5a8c047d3b517a,1,
openimages_2e4be96a52c59f1d8764c313,openimages,data/raw_smoke/openimages/images/train/open_000367.jpg,images/train/open_000367.jpg,smoke open image 367,128,128,d62abdb94c02ce24eb6f7b3bac6bead81ea5bb25e0dd8e6e2f48fb2361ad51f0,1,
openimages_6a6f2fab3212a2cccd20d0f7,openimages,data/raw_smoke/openimages/images/train/open_000368.jpg,images/train/open_000368.jpg,smoke open image 368,128,128,79db1883ef3e1f07c563ece4972158f24e61876812463e2861a7bb9cb050f743,1,
openimages_932a66bcc396cb594886cf20,openimages,data/raw_smoke/openimages/images/train/open_000369.jpg,images/train/open_000369.jpg,smoke open image 369,128,128,fadb6704d7b9c34de78d84ce34e82abcda8f8bf3aceb824afd80e8d2a8f546cf,1,
openimages_bd0d2a30d6bc8bec73eb6f76,openimages,data/raw_smoke/openimages/images/train/open_000370.jpg,images/train/open_000370.jpg,smoke open image 370,128,128,d38590bdddcf248110aa77d6ccae1baefeaac08997f2f92868a1845406ca05e2,1,
openimages_c4075c7b0834d89733634643,openimages,data/raw_smoke/openimages/images/train/open_000371.jpg,images/train/open_000371.jpg,smoke open image 371,128,128,45e5e37c37629b0de3e2be33c86006f8e77e3fa2d93ff39a03498b08d8072db6,1,
openimages_1ff46363e9870da7417a0ef2,openimages,data/raw_smoke/openimages/images/train/open_000372.jpg,images/train/open_000372.jpg,smoke open image 372,128,128,07879b65683dd5a74598d42e7b7ce5144ef0b956cff2ddb65b1b8b3024e73144,1,
openimages_1fa4fabcf1d0a839aeebc776,openimages,data/raw_smoke/openimages/images/train/open_000373.jpg,images/train/open_000373.jpg,smoke open image 373,128,128,a444d3680881a7aaeaee32b4bebb62de2d4f20b4da507329752a16a94e61d2f3,1,
openimages_32395eee91ecd33d6a2c6159,openimages,data/raw_smoke/openimages/images/train/open_000374.jpg,images/train/open_000374.jpg,smoke open image 374,128,128,6b710c7ffd601523e145beec8256e80762639bc5a1208ca135daa1f4bdae5958,1,
openimages_28d357ab0fd668cca40336e6,openimages,data/raw_smoke/openimages/images/train/open_000375.jpg,images/train/open_000375.jpg,smoke open image 375,128,128,d4ecf4a55016c4daeafcf478be35c94fb7d832c81a1b391d81447cf61949b0c5,1,
openimages_fea1ff6017621f33b3ef8b61,openimages,data/raw_smoke/openimages/images/train/open_000376.jpg,images/train/open_000376.jpg,smoke open image 376,128,128,fdfcd358ffae6727204d4c726e4b0ccfe4cee294114d42b04569f24c4698e085,1,
openimages_2b7c2ebed8189a92dc594c7f,openimages,data/raw_smoke/openimages/images/train/open_000377.jpg,images/train/open_000377.jpg,smoke open image 377,128,128,888a157d831702adb7ea4a1c12f8db240c9d4653c0fa2bb277c727655332fd51,1,
openimages_0926760e954470966a72a669,openimages,data/raw_smoke/openimages/images/train/open_000378.jpg,images/train/open_000378.jpg,smoke open image 378,128,128,8cf920fcee36e3569160912fe20a070a3d3c495a6e61a1cc093db4186134405b,1,
openimages_aba291f7cd27a8129e86ad8c,openimages,data/raw_smoke/openimages/images/train/open_000379.jpg,images/train/open_000379.jpg,smoke open image 379,128,128,0cfd564093cae3746e595432c61d1f7d828f8a99f621a5bb51f799eef204368f,1,
openimages_45d13b6dc2f2fd09107b2668,openimages,data/raw_smoke/openimages/images/train/open_000380.jpg,images/train/open_000380.jpg,smoke open image 380,128,128,0ca667d8611b73164b1994466517efb19df1c5a231c7252234590d0cf6e1f14a,1,
openimages_6c00e2342603f4decc424634,openimages,data/raw_smoke/openimages/images/train/open_000381.jpg,images/train/open_000381.jpg,smoke open image 381,128,128,e94b2a66fa1f5a53e8817e0023b9ad2aac974b6554290b398df4a819c8bc94f2,1,
openimages_45b8da2f9226e99cb92a3dac,openimages,data/raw_smoke/openimages/images/train/open_000382.jpg,images/train/open_000382.jpg,smoke open image 382,128,128,2a85b175a6642b64e280325399043bad4b6eead211e3ab7f27bfbc4f66017bc8,1,
openimages_33b47584dfa51a1a96b3c731,openimages,data/raw_smoke/openimages/images/train/open_000383.jpg,images/train/open_000383.jpg,smoke open image 383,128,128,23becbcb3d6d9059b8273e67a0881030f0a85dc8dfe1dd8aee683b19f17c7600,1,
openimages_e136dd31d3bab5eed2b48c6c,openimages,data/raw_smoke/openimages/images/train/open_000384.jpg,images/train/open_000384.jpg,smoke open image 384,128,128,a4320bff1ca2be5abe24e0d7c5cd108e4550f4e545abb4e8927517c6216d4152,1,
openimages_86b6c98ce19ef41e0febbf82,openimages,data/raw_smoke/openimages/images/train/open_000385.jpg,images/train/open_000385.jpg,smoke open image 385,128,128,dfeb6bd093f96b152153018d7428e5443678b06723e836b3d0ad662f41571989,1,
openimages_0a237f28878ac41f255bb69c,openimages,data/raw_smoke/openimages/images/train/open_000386.jpg,images/train/open_000386.jpg,smoke open image 386,128,128,b23ee62d0e1c8c990d63215e31f7ffc8541f425ebaec764a23fe0a223ad17a43,1,
openimages_a7773e85ea861562408ee524,openimages,data/raw_smoke/openimages/images/train/open_000387.jpg,images/train/open_000387.jpg,smoke open image 387,128,128,a175d98339693897c2e6892ce562d5c775b80be2e0171b1ae115e702a1fbfcc8,1,
openimages_c030acbb1daf3b3682b97809,openimages,data/raw_smoke/openimages/images/train/open_000388.jpg,images/train/open_000388.jpg,smoke open image 388,128,128,176ed8a1334c697c0047c207c38d224965f148d60c611cddf5f41bb4d6476597,1,
openimages_1195a192920aa8581689bf36,openimages,data/raw_smoke/openimages/images/train/open_000389.jpg,images/train/open_000389.jpg,smoke open image 389,128,128,eb4ba4ea5d9dafe728132db37b07b378ef74fce4bd89cf421eb939b6ed5d5773,1,
openimages_0aa6eb3af6a8899116a8d7b0,openimages,data/raw_smoke/openimages/images/train/open_000390.jpg,images/train/open_000390.jpg,smoke open image 390,128,128,32a747a4d3740e0685057454c5cedac155c20d206dbdf8613eb58144760910ce,1,
openimages_8d6809b0682dd9dcc7af2814,openimages,data/raw_smoke/openimages/images/train/open_000391.jpg,images/train/open_000391.jpg,smoke open image 391,128,128,d84bbe793feb875617ef00f79da65da01e7b2a29474d8ad01b1c02bd499142e0,1,
openimages_92016e13951603231c09837f,openimages,data/raw_smoke/openimages/images/train/open_000392.jpg,images/train/open_000392.jpg,smoke open image 392,128,128,4b0164bfa137f17a7cb97c2d62d8e33ed67dd92a03763870b9d3036d3cfdab6d,1,
openimages_4af79b4d42a0f30e7dfb8a70,openimages,data/raw_smoke/openimages/images/train/open_000393.jpg,images/train/open_000393.jpg,smoke open image 393,128,128,00b0666a2633970d35ea6eeae76a11160c2f1c3c0a85103ac51880e34edf047c,1,
openimages_5a619cfeac2eecfbf5f87615,openimages,data/raw_smoke/openimages/images/train/open_000394.jpg,images/train/open_000394.jpg,smoke open image 394,128,128,0237dc03910d413fa441b39185eb22a78ab870e2f9c6dfd7adf308545674f22a,1,
openimages_a63e26943239149e18fe6d82,openimages,data/raw_smoke/openimages/images/train/open_000395.jpg,images/train/open_000395.jpg,smoke open image 395,128,128,0c6153f787bdb83ead6572d0c510bc3f8c83b5e617580ab4071b6c6768d43fa8,1,
openimages_3da3ca3101a007b0d0ca1b1a,openimages,data/raw_smoke/openimages/images/train/open_000396.jpg,images/train/open_000396.jpg,smoke open image 396,128,128,2db5128810fe0f7e69f631aff1541569eb2cb479e37f3ca5ca0fefdd108ba59f,1,
openimages_3b54fcaa3e987732b2816bc2,openimages,data/raw_smoke/openimages/images/train/open_000397.jpg,images/train/open_000397.jpg,smoke open image 397,128,128,a14a8f61ac1e6400694bcb2ff982819c4fd2321e654797af4571d7597ddcbfe4,1,
openimages_dc319d23a2843a0e2e17c087,openimages,data/raw_smoke/openimages/images/train/open_000398.jpg,images/train/open_000398.jpg,smoke open image 398,128,128,2c8b5c4eaaa89502834cc584e9936d0d10e62f37d0bf85eb372d8548f11aa161,1,
openimages_1fe1fa847ae90b5edd3ec6da,openimages,data/raw_smoke/openimages/images/train/open_000399.jpg,images/train/open_000399.jpg,smoke open image 399,128,128,da6d3e61f2823e4c096aa881df91ef82e9ad53a5aaaec2613207e1705c7f3d0b,1,
places2_7f11a983cda17cb3175970a3,places2,data/raw_smoke/places2/images/train/places_000000.jpg,images/train/places_000000.jpg,smoke places scene 0,128,128,e9f41ab57a26b39c377b9b8ed0efd07fd5a4a7bf7eb4eebfba77e666dd11ff50,1,
places2_5247b842f1212507e49581ca,places2,data/raw_smoke/places2/images/train/places_000001.jpg,images/train/places_000001.jpg,smoke places scene 1,128,128,d8fc99e5184e2a877ca0fd75c76332b531ef946bc14f61fa98af133eddbdfc1d,1,
places2_802abc5f95fd9bd7cd478246,places2,data/raw_smoke/places2/images/train/places_000002.jpg,images/train/places_000002.jpg,smoke places scene 2,128,128,972ae3ff101a4f44e5b559738fa85e176fe88da070906bc819d3ca50ba5b7d49,1,
places2_1130c4a495e939395a9089bf,places2,data/raw_smoke/places2/images/train/places_000003.jpg,images/train/places_000003.jpg,smoke places scene 3,128,128,f9cca9c69d68d531214643c3b1621e344251451acd7f5f408b8944fc13b7665f,1,
places2_d568f893f68a6c0b1b28b61d,places2,data/raw_smoke/places2/images/train/places_000004.jpg,images/train/places_000004.jpg,smoke places scene 4,128,128,a75fcfe17dbb9fd00d526fa1a25712e664a2eea3759b4af4edfbaf8273acbaad,1,
places2_3ca643899c4e9df47f764dc9,places2,data/raw_smoke/places2/images/train/places_000005.jpg,images/train/places_000005.jpg,smoke places scene 5,128,128,04d7efb36a6e3d961263cdeff280f90ffe4e413da69e412a10c1a689e3a6a0a5,1,
places2_c5abf6fb6dc7304d04075b21,places2,data/raw_smoke/places2/images/train/places_000006.jpg,images/train/places_000006.jpg,smoke places scene 6,128,128,88c10856340022cb1a02a3a7f2b90b941e0913a29b1f0b506ef3b9835a408118,1,
places2_7d752e9e54c6164a1a4754c9,places2,data/raw_smoke/places2/images/train/places_000007.jpg,images/train/places_000007.jpg,smoke places scene 7,128,128,025f385a6b9d83a5297196f63c0689acdd21ae3642ad374569a867ef486b7605,1,
places2_0469847322bb151861c5d3ef,places2,data/raw_smoke/places2/images/train/places_000008.jpg,images/train/places_000008.jpg,smoke places scene 8,128,128,248780d5473a018f6dc71f428b2fd4a52248749e0b410e72220df089d96370dc,1,
places2_eb227132370f6ec2c0283a85,places2,data/raw_smoke/places2/images/train/places_000009.jpg,images/train/places_000009.jpg,smoke places scene 9,128,128,35f37688ae0f95bb2b2fb2570e9fc001853afaab060deff8493da1fa0d7e2935,1,
places2_b4a04d2bc3748e2cb61dda5c,places2,data/raw_smoke/places2/images/train/places_000010.jpg,images/train/places_000010.jpg,smoke places scene 10,128,128,3ba1c28c41a03621501ee9acde29a62a109628084a4388c9fc43ae6846916633,1,
places2_4cd8998612e0f7ae5d6c3034,places2,data/raw_smoke/places2/images/train/places_000011.jpg,images/train/places_000011.jpg,smoke places scene 11,128,128,aed4f9a2f1da5874b140c0dc3beb1b16208e93b911bb601a302c47c43189e58d,1,
places2_c28a2ca3cc8c58e91a5b24c5,places2,data/raw_smoke/places2/images/train/places_000012.jpg,images/train/places_000012.jpg,smoke places scene 12,128,128,033436b605394cfc00d8b91aeea78081458b03ae1f2735ed7e7829cfb83caf5a,1,
places2_62f07057fd1c6036068dfae8,places2,data/raw_smoke/places2/images/train/places_000013.jpg,images/train/places_000013.jpg,smoke places scene 13,128,128,082816dbee1a73e83f364c1280ba50c2145b6d8fc3a44779e197f96381816c45,1,
places2_2fa4e703e3775aeea8a54510,places2,data/raw_smoke/places2/images/train/places_000014.jpg,images/train/places_000014.jpg,smoke places scene 14,128,128,41b2642d6e34b0c85d6e2a7647b49c3675d2d7e320aad09b96a832706af2d481,1,
places2_ec08e47fcc9baa1826294257,places2,data/raw_smoke/places2/images/train/places_000015.jpg,images/train/places_000015.jpg,smoke places scene 15,128,128,eec40a1fdea238dc555f79db5ad1f248cd62bb8e77e0f755ca83902ffdca9f26,1,
places2_74f079be0a0eb11ba983bfb8,places2,data/raw_smoke/places2/images/train/places_000016.jpg,images/train/places_000016.jpg,smoke places scene 16,128,128,0422ba361a9862e9c23cb56dfb941a4196a1194f8ac80c7c88cc79b9272a4d0d,1,
places2_08d75eb57678d5563e049f1a,places2,data/raw_smoke/places2/images/train/places_000017.jpg,images/train/places_000017.jpg,smoke places scene 17,128,128,c04f74b208fe925a5d98ac206740ef49da82df686c5360b31ba5ed10b4cb1f29,1,
places2_de07e9158d3081c8eac87aa0,places2,data/raw_smoke/places2/images/train/places_000018.jpg,images/train/places_000018.jpg,smoke places scene 18,128,128,e050707bbdb1631bd24095f0d777ffcdf3536c457cb952500dcc9fe734645509,1,
places2_57c2b13884d98b6bd29e1582,places2,data/raw_smoke/places2/images/train/places_000019.jpg,images/train/places_000019.jpg,smoke places scene 19,128,128,131679bc3500f00de945f386dcbb8e057688e6958a90d945465c1e24d3f26717,1,
places2_d29b86ca663187a873adc3fc,places2,data/raw_smoke/places2/images/train/places_000020.jpg,images/train/places_000020.jpg,smoke places scene 20,128,128,1b9128e736c760eac5ac3475687981f188bba1e14b0c6e5d3159cf4ab5874618,1,
places2_9c8fe2588297361c53b8800b,places2,data/raw_smoke/places2/images/train/places_000021.jpg,images/train/places_000021.jpg,smoke places scene 21,128,128,a198d60391ade9dc08fcd9e163b4532471a456e58fbbc5819d6997d36b1f0147,1,
places2_1aabb6c3a5cea42f5f19480a,places2,data/raw_smoke/places2/images/train/places_000022.jpg,images/train/places_000022.jpg,smoke places scene 22,128,128,67caadd234f23990e3a9f136193cde8ca8ded17313abe117440fdaaff45c90d2,1,
places2_d728d6e3ef0b34d7305e9d36,places2,data/raw_smoke/places2/images/train/places_000023.jpg,images/train/places_000023.jpg,smoke places scene 23,128,128,3d711dae84a62e2e481a256245ee745f0dd94a58e5c1ac93e8207f52287a8375,1,
places2_81d8bfeea3ccb7fe802e9a30,places2,data/raw_smoke/places2/images/train/places_000024.jpg,images/train/places_000024.jpg,smoke places scene 24,128,128,79af76646d6f6733297ce377f05cb21df9c5ed2c584ce5e90a491172543b2377,1,
places2_e9e1b6a6ff6d312ef2322e62,places2,data/raw_smoke/places2/images/train/places_000025.jpg,images/train/places_000025.jpg,smoke places scene 25,128,128,ffe67977b97f4d32a3c8900724da3a8554b21bf712d5ee392b6725a856977caa,1,
places2_d3bab09b244392e7d9aa2922,places2,data/raw_smoke/places2/images/train/places_000026.jpg,images/train/places_000026.jpg,smoke places scene 26,128,128,67a9a2b993e811de7a0e8b2cf2afd5325869714eacb68eb2392c18d5ab0c4c09,1,
places2_09c9ca652aae659e23ae996a,places2,data/raw_smoke/places2/images/train/places_000027.jpg,images/train/places_000027.jpg,smoke places scene 27,128,128,10baf42c02345ceccef658cea80e05544e5f585a3f1dedbe39006b1332b10d6e,1,
places2_2ce44b9c16e45e686e3b46e0,places2,data/raw_smoke/places2/images/train/places_000028.jpg,images/train/places_000028.jpg,smoke places scene 28,128,128,835e47e3c80d0a8b125e8ae40a9dce82a8a0852f0df14ad4352f5c33371b510a,1,
places2_3d52aaaccb34b46d2d6e252a,places2,data/raw_smoke/places2/images/train/places_000029.jpg,images/train/places_000029.jpg,smoke places scene 29,128,128,fe83ed6245c2ef2afaf0cec31238f490810bc51c82a9ea1db6e92bdd1dcf8d24,1,
places2_c011b4cc2e3d19736d0f3570,places2,data/raw_smoke/places2/images/train/places_000030.jpg,images/train/places_000030.jpg,smoke places scene 30,128,128,e8dbbe54c549c281a6777a162d427e00323e5c5ca6db2bdf95fe6aa12542bc45,1,
places2_a7d74dfb66c14ebbb0e1c373,places2,data/raw_smoke/places2/images/train/places_000031.jpg,images/train/places_000031.jpg,smoke places scene 31,128,128,a055d7ad50036acdfb1e60a3a67d02b77bd94f0d03eedd985d60af2b419d8576,1,
places2_3810691aaa31aaeba275e7f6,places2,data/raw_smoke/places2/images/train/places_000032.jpg,images/train/places_000032.jpg,smoke places scene 32,128,128,b28724ba50dc1829e2dc1339b20579d1e58d03dc2616a35f796343d9e90064bf,1,
places2_298539b6ffd8ee48f2f108ae,places2,data/raw_smoke/places2/images/train/places_000033.jpg,images/train/places_000033.jpg,smoke places scene 33,128,128,7634922c79b528b585fea80baafd0f4093d7b4c0d65c34d1eaa2b20e080ed479,1,
places2_2f67dc36f0cc0955ec80cc0c,places2,data/raw_smoke/places2/images/train/places_000034.jpg,images/train/places_000034.jpg,smoke places scene 34,128,128,4074b03f71879e0b0187961e62c67525ad406053e58706dbd92cae11f0b0fd4f,1,
places2_f95abfb4d140d322247b9476,places2,data/raw_smoke/places2/images/train/places_000035.jpg,images/train/places_000035.jpg,smoke places scene 35,128,128,060f973c1d464639d1944942bd085681b1b065b4b2f78d9b06e56e543af574a5,1,
places2_78139bd6a5ed8b53ebcafa69,places2,data/raw_smoke/places2/images/train/places_000036.jpg,images/train/places_000036.jpg,smoke places scene 36,128,128,22891d92f552eb3e0205a617d1ad9036822a88674dfea42cdad2e93d4c92bd42,1,
places2_20eb746783d062eb5f93bdf6,places2,data/raw_smoke/places2/images/train/places_000037.jpg,images/train/places_000037.jpg,smoke places scene 37,128,128,c7c6bdfc8546f7b2245f6c12416b495f33af701a636a6b8749855a9fff38d004,1,
places2_fddf14ba234f6a1565eaa6c3,places2,data/raw_smoke/places2/images/train/places_000038.jpg,images/train/places_000038.jpg,smoke places scene 38,128,128,31613624377902298ec2c5c0238e44826c063b4d8b56dd41b6928209aab2c5cb,1,
places2_239a1049fcce2fda9d73409a,places2,data/raw_smoke/places2/images/train/places_000039.jpg,images/train/places_000039.jpg,smoke places scene 39,128,128,12b80d37c01c5c56c548d3417fd30ccc2013f3d0896cb3b492d8e5d00ab01259,1,
places2_c91853e5b8af283432a86e92,places2,data/raw_smoke/places2/images/train/places_000040.jpg,images/train/places_000040.jpg,smoke places scene 40,128,128,68a4dbc7c8aed19a7cb8dfd8fe5a8bf847c47fe6c087af1df76c7e95b601d689,1,
places2_a76ff777b8ba5b454e4654e9,places2,data/raw_smoke/places2/images/train/places_000041.jpg,images/train/places_000041.jpg,smoke places scene 41,128,128,9f5880a2519b85eff6da7d013b3eeed1c92fb8a185ec4f16a64f1714145034b2,1,
places2_8ca8ea921426c9b295c0de80,places2,data/raw_smoke/places2/images/train/places_000042.jpg,images/train/places_000042.jpg,smoke places scene 42,128,128,1d4df1e5c8c91f24b1136a8a9af69bd0dc18bb4a94f3b3a64ccb9455ee15add6,1,
places2_f49c47d90e160353b0b2d086,places2,data/raw_smoke/places2/images/train/places_000043.jpg,images/train/places_000043.jpg,smoke places scene 43,128,128,e651bbfc569e4e9f449ddfd4e5d38765c48a52958581934ffa5f861fa8b76555,1,
places2_396505d5bdd8f7dc9984c04c,places2,data/raw_smoke/places2/images/train/places_000044.jpg,images/train/places_000044.jpg,smoke places scene 44,128,128,c4f50a811c135fd33bdabb2fc9ff8df3a33f766cbe40c061f114308482d058dc,1,
places2_5e0a5ea1f28409b46998eb63,places2,data/raw_smoke/places2/images/train/places_000045.jpg,images/train/places_000045.jpg,smoke places scene 45,128,128,2e5aafbb6ba64174c95c50667447f331c5e9b72a0fa530e983632018fe87699d,1,
places2_5ffa5ffc6c3612971487df64,places2,data/raw_smoke/places2/images/train/places_000046.jpg,images/train/places_000046.jpg,smoke places scene 46,128,128,2ebbff5e4000940448cdba0062d9d244ad705e61e4bde718cc11f1346196a74e,1,
places2_aa2d5b9be9467f40025ba9af,places2,data/raw_smoke/places2/images/train/places_000047.jpg,images/train/places_000047.jpg,smoke places scene 47,128,128,aad9330f257723e05c98a36ef44da233aa41f3ec558e38aeeb479ae2a1a5415a,1,
places2_6ed754dc4ee79ba28161a740,places2,data/raw_smoke/places2/images/train/places_000048.jpg,images/train/places_000048.jpg,smoke places scene 48,128,128,0f5c2dc1034b6e0c88264844f84e48ec85dbe55c8315145bc5bc72fe9e53024a,1,
places2_53c2c42bbe7e6611942fa16e,places2,data/raw_smoke/places2/images/train/places_000049.jpg,images/train/places_000049.jpg,smoke places scene 49,128,128,b827c6c0006b8b2af8680d69406b81431bf8a11cf89601cbada816a7dccbf4c8,1,
places2_ef6c735456ea2eed5ad0baf9,places2,data/raw_smoke/places2/images/train/places_000050.jpg,images/train/places_000050.jpg,smoke places scene 50,128,128,c602f8f10289b92654d1c3f0152fbbf262dc7e98fcbeb2568ce90406f873b5a0,1,
places2_fc1ebf3154271fa7b7f61681,places2,data/raw_smoke/places2/images/train/places_000051.jpg,images/train/places_000051.jpg,smoke places scene 51,128,128,22af4a7c9b6a9cc0bfdb9abc5514c8b2ca64e2cca6d2696757f986bac2a2b936,1,
places2_75182e010f082fb3290a095e,places2,data/raw_smoke/places2/images/train/places_000052.jpg,images/train/places_000052.jpg,smoke places scene 52,128,128,a0ae8f95485c21c05353ef68c15d1fc08605ff15af7c504ed4678e952a6bfdd7,1,
places2_4fcbd2ab137791dc6296428f,places2,data/raw_smoke/places2/images/train/places_000053.jpg,images/train/places_000053.jpg,smoke places scene 53,128,128,7aa2858afa0ea12327db8face2cb9289087bfc223a0097c828f41896f60dc48c,1,
places2_107dc12730a0e2958398f383,places2,data/raw_smoke/places2/images/train/places_000054.jpg,images/train/places_000054.jpg,smoke places scene 54,128,128,6bf69e0635fdac5bc10c363951f0dda17fe8f973e3612d3c7862c6463a3535fb,1,
places2_1014b0e89d3f905af999b406,places2,data/raw_smoke/places2/images/train/places_000055.jpg,images/train/places_000055.jpg,smoke places scene 55,128,128,a16dc4e36b652c92e23971a3e0d9b1bdd0e2edff8d1903d8ae81731449d1956b,1,
places2_3807f9d83e43e40cc19eaea4,places2,data/raw_smoke/places2/images/train/places_000056.jpg,images/train/places_000056.jpg,smoke places scene 56,128,128,4c3a5c1c55175746ab24e6aad3d6e59b396b5cdf2274166cc7db5a7cd8cc37cc,1,
places2_e50a493a094b0bc3142ac324,places2,data/raw_smoke/places2/images/train/places_000057.jpg,images/train/places_000057.jpg,smoke places scene 57,128,128,907eba65af7e563896231dafb5732eda676b49bff2eeadfb8db5993d3440171e,1,
places2_dc9f6a478fb4501b6911054f,places2,data/raw_smoke/places2/images/train/places_000058.jpg,images/train/places_000058.jpg,smoke places scene 58,128,128,516081ca194192691193a6c5a6376d60d78e5a963f03dd27eff611e0c5b7cdae,1,
places2_1f73ba05d2e3f4bf3ccee59d,places2,data/raw_smoke/places2/images/train/places_000059.jpg,images/train/places_000059.jpg,smoke places scene 59,128,128,a1b5efa4640ed63cadd5508195e08c8a3824d4b104c60432878e5e7a26feede7,1,
places2_fedb2facef8f6f15c3d98878,places2,data/raw_smoke/places2/images/train/places_000060.jpg,images/train/places_000060.jpg,smoke places scene 60,128,128,5ec04bbbcb7ddd30e42e5a2e867252ba9b75ef5e7777b83638bb5e48b6520aa6,1,
places2_50ac235ab93c8424b9d45be7,places2,data/raw_smoke/places2/images/train/places_000061.jpg,images/train/places_000061.jpg,smoke places scene 61,128,128,6161cd2cda7a9f627b1ef8737cceddc55419da4ef842ecc63f92cd002a7e0d44,1,
places2_b06122f8c6aab79b04acc574,places2,data/raw_smoke/places2/images/train/places_000062.jpg,images/train/places_000062.jpg,smoke places scene 62,128,128,7eed4e2d7b0794955967ac8be3b24a7f5c65c885e9b49260c4820c7d07f87652,1,
places2_bf54801ff9145563bfa44e8f,places2,data/raw_smoke/places2/images/train/places_000063.jpg,images/train/places_000063.jpg,smoke places scene 63,128,128,9f80c964668017520e18bfe8e8f161ecd53ddb82c636c3090c53005280d72ba8,1,
places2_9bf364872bace892588bbcb3,places2,data/raw_smoke/places2/images/train/places_000064.jpg,images/train/places_000064.jpg,smoke places scene 64,128,128,852a258d522f503be2bfcb25357647d5f4af4090bbd677996daa31443515ac31,1,
places2_87488d8e58923f13b870602c,places2,data/raw_smoke/places2/images/train/places_000065.jpg,images/train/places_000065.jpg,smoke places scene 65,128,128,4b15023319072c23c94ff8c7a8de0ae52da26a6ff267a3c4d11cb6839d524356,1,
places2_4e9a849da4d1e04392f9cfe2,places2,data/raw_smoke/places2/images/train/places_000066.jpg,images/train/places_000066.jpg,smoke places scene 66,128,128,b30b4718436f62af106fffc12c3b774fc4a1957ec60e1ca7c1e9496596102eb4,1,
places2_d11d3113670558d5cafe3ca6,places2,data/raw_smoke/places2/images/train/places_000067.jpg,images/train/places_000067.jpg,smoke places scene 67,128,128,850c70084d1653798b6158d3a99da6e582ecd59cd32376c2cbd0fcf1c7adf308,1,
places2_b5c9269388c422bf4b1c561f,places2,data/raw_smoke/places2/images/train/places_000068.jpg,images/train/places_000068.jpg,smoke places scene 68,128,128,5ac14299185ea13de6ef4dff2337275f40f977203bdc8a4a3025a684731249d0,1,
places2_d41a5f01f5a5cc427171b91f,places2,data/raw_smoke/places2/images/train/places_000069.jpg,images/train/places_000069.jpg,smoke places scene 69,128,128,3014749a95b3a09ba1746f433396daee5dc015dee54dd64107faf28e4fbb21ff,1,
places2_5712ab4dd87751c15cca3b56,places2,data/raw_smoke/places2/images/train/places_000070.jpg,images/train/places_000070.jpg,smoke places scene 70,128,128,e8cf6869c4c1e221f0216abb4a24275043a32f95b62352664cd7feb72445f3fa,1,
places2_283687f80da04e061c92ebcc,places2,data/raw_smoke/places2/images/train/places_000071.jpg,images/train/places_000071.jpg,smoke places scene 71,128,128,65012d6a278a953d4f808a599d722047237d4c14c685e69ab751110f37127d05,1,
places2_9aa97a400af144fc8502d9ad,places2,data/raw_smoke/places2/images/train/places_000072.jpg,images/train/places_000072.jpg,smoke places scene 72,128,128,0de294eb0b0136e67d0bd5fc17a6b62cc8ba1a8ee3ecb90e9836d2bc3816b656,1,
places2_df7d25f4ca985b37a9bbc8b8,places2,data/raw_smoke/places2/images/train/places_000073.jpg,images/train/places_000073.jpg,smoke places scene 73,128,128,7e9a73a07013f4c7ec03d72b3b7cd4319503365735b6ccd883fc0a24f197badb,1,
places2_b13e72de59d193a155a8926f,places2,data/raw_smoke/places2/images/train/places_000074.jpg,images/train/places_000074.jpg,smoke places scene 74,128,128,5c034c013658d76ccaef241ab0b3f8123f8bdf90c35108652546a3a5465a1194,1,
places2_3da0b59774dbb3e381c62844,places2,data/raw_smoke/places2/images/train/places_000075.jpg,images/train/places_000075.jpg,smoke places scene 75,128,128,8ca6331238b9eca5fa1a0161024a4e615680d7d1369835f95784515705f2c451,1,
places2_d781c544a91e38d5d1a94276,places2,data/raw_smoke/places2/images/train/places_000076.jpg,images/train/places_000076.jpg,smoke places scene 76,128,128,221c6c59e226cf9f4201c6e97fe5bbca4f40f65ff59ee84e8acc2e2880fb5eff,1,
places2_10fdadfce755a9e634a9fe83,places2,data/raw_smoke/places2/images/train/places_000077.jpg,images/train/places_000077.jpg,smoke places scene 77,128,128,7d8bab7ee1a79bfbba3155c2c14d248eeff5e191280b45e63640499d2f98059c,1,
places2_6f565646e88ab60da9ab6a90,places2,data/raw_smoke/places2/images/train/places_000078.jpg,images/train/places_000078.jpg,smoke places scene 78,128,128,575d394887d00c3202ed785db5896ca5802fdd59952d8bf091d66e0a14902ed1,1,
places2_85fb645ca3f50693b0a3474d,places2,data/raw_smoke/places2/images/train/places_000079.jpg,images/train/places_000079.jpg,smoke places scene 79,128,128,b51c118eb0a10cd6cddd9d03abb012db53c53916f10c4a9b9d8ebe5495fabe95,1,
places2_69da3d0c658ecf6fee7bc5d3,places2,data/raw_smoke/places2/images/train/places_000080.jpg,images/train/places_000080.jpg,smoke places scene 80,128,128,9e5fe9bd32b72ef78aadca4cbbb21d065b64b48d672fd11a6b411ffbfa3d4ae8,1,
places2_216538d7cad3b4c49ae273b5,places2,data/raw_smoke/places2/images/train/places_000081.jpg,images/train/places_000081.jpg,smoke places scene 81,128,128,b4ee56731cd3e394fce5464d9d7070e3022b2e490efe7795a487eaec984fd2b0,1,
places2_9183da695df4a260f49a9de9,places2,data/raw_smoke/places2/images/train/places_000082.jpg,images/train/places_000082.jpg,smoke places scene 82,128,128,f85be8eca3d3f5077b43cd01d570af9147e76a5687bae0770d505cabb1f6cbec,1,
places2_6119c5b4eefaf8051d6c9e8d,places2,data/raw_smoke/places2/images/train/places_000083.jpg,images/train/places_000083.jpg,smoke places scene 83,128,128,314baba836599834dcaf5f2572b0201de34f8e7c17bb2b27bdc7dd084def0fcc,1,
places2_0d7d433c5077e637abcb61f0,places2,data/raw_smoke/places2/images/train/places_000084.jpg,images/train/places_000084.jpg,smoke places scene 84,128,128,b512dab6d4d115321e837ca26665a29577ffdc93d11fa433ad6113654898a6c2,1,
places2_8af43b31bbbee44f1db147db,places2,data/raw_smoke/places2/images/train/places_000085.jpg,images/train/places_000085.jpg,smoke places scene 85,128,128,bd324f2e6612450289ff3bc25d3117662368594d2c1b44bb779d4fdea80c51e5,1,
places2_d281b5a0476305ff57726508,places2,data/raw_smoke/places2/images/train/places_000086.jpg,images/train/places_000086.jpg,smoke places scene 86,128,128,c7cb338897b7db936f63fdfaa5996abea9558b360f03526b137fd9228d6d7f27,1,
places2_b82533087b8127663772728b,places2,data/raw_smoke/places2/images/train/places_000087.jpg,images/train/places_000087.jpg,smoke places scene 87,128,128,3d991c3fa1cf5c8bfee8e18b45b0c08c85279e71cdcf5a6b6cda03f78d9396d9,1,
places2_7887509053dd971a3a8481ba,places2,data/raw_smoke/places2/images/train/places_000088.jpg,images/train/places_000088.jpg,smoke places scene 88,128,128,9d705a38aabf19c3d9a2fe7df65d1a8dfa20f71d6650d7d88cfdb6b7bd4fd80a,1,
places2_0a3f93a127e7c1b7e7bf53c9,places2,data/raw_smoke/places2/images/train/places_000089.jpg,images/train/places_000089.jpg,smoke places scene 89,128,128,94209a458628febe21094608498fe7c71b36988ece63080b53fccce046be5f4e,1,
places2_b03deeeb5d2069b54400a605,places2,data/raw_smoke/places2/images/train/places_000090.jpg,images/train/places_000090.jpg,smoke places scene 90,128,128,8136b085eb7650016c8800383c3630e934920fe08643fd8143b52f2c1996c27b,1,
places2_7828714e94de6641e796d744,places2,data/raw_smoke/places2/images/train/places_000091.jpg,images/train/places_000091.jpg,smoke places scene 91,128,128,3c3df704ec777f0144cb01f8ecfc6fbb4d29349eed0b91bfb41717c642817c97,1,
places2_1c61dc2291172c64856cbf47,places2,data/raw_smoke/places2/images/train/places_000092.jpg,images/train/places_000092.jpg,smoke places scene 92,128,128,031f952ca162517997d66d21ef552128acdeef76666f5a64378cbeb98cea076a,1,
places2_23182e6ba62461f470824dee,places2,data/raw_smoke/places2/images/train/places_000093.jpg,images/train/places_000093.jpg,smoke places scene 93,128,128,e02153465579eab9ed5c92d04b25bb8fb0a54d5bc80f5c8457cd1814d393c448,1,
places2_99bc35c846489805c7a279ed,places2,data/raw_smoke/places2/images/train/places_000094.jpg,images/train/places_000094.jpg,smoke places scene 94,128,128,58808acdb15b5f9b561a3137011b374dd69b470250f63a89ea36b5f8f7beca58,1,
places2_7c24bce181b0cf4f820e2e82,places2,data/raw_smoke/places2/images/train/places_000095.jpg,images/train/places_000095.jpg,smoke places scene 95,128,128,60264974325511f1c8f1ab4cd3c4f00276f3c5eb2ff53f12caa15ac48b311ce8,1,
places2_a9e56b54ea845d4bd0f1680f,places2,data/raw_smoke/places2/images/train/places_000096.jpg,images/train/places_000096.jpg,smoke places scene 96,128,128,09501e611f41bcb6498b1845f286c189e977d23e6e99284ab5eaba3df444a5bc,1,
places2_d09b01467c1a3887521a4e67,places2,data/raw_smoke/places2/images/train/places_000097.jpg,images/train/places_000097.jpg,smoke places scene 97,128,128,7dff5e27c841716643ab66ce517eac111a2d214d8a8644dfea6cfa3f01b436d6,1,
places2_2a73e9e1bc37c61206cde0e0,places2,data/raw_smoke/places2/images/train/places_000098.jpg,images/train/places_000098.jpg,smoke places scene 98,128,128,254377bc1836a69cbb233f893b406c231a4fff2e7651f4a21687ecf44cc508da,1,
places2_3428a1c513adefdfbcfc8529,places2,data/raw_smoke/places2/images/train/places_000099.jpg,images/train/places_000099.jpg,smoke places scene 99,128,128,6a6e1d392e84086ee0e21284c4ab61ed25b26ef406754db15c3f428eded595ff,1,
places2_af8652f184608a015f815461,places2,data/raw_smoke/places2/images/train/places_000100.jpg,images/train/places_000100.jpg,smoke places scene 100,128,128,268b5d37bbf954d665b31400b547ac7847a36196e05a1bb523f18346759310f2,1,
places2_b319ac21f10b538fb3167e61,places2,data/raw_smoke/places2/images/train/places_000101.jpg,images/train/places_000101.jpg,smoke places scene 101,128,128,54d99eda26adb0b0f537fb11f33ebf625689baaa85daae4c663f81e1f4558597,1,
places2_85940f455e2f9aa960bec5be,places2,data/raw_smoke/places2/images/train/places_000102.jpg,images/train/places_000102.jpg,smoke places scene 102,128,128,d5294d306bab14baaf69291d4996394114339dcdb9513342704a2a148cb41ed0,1,
places2_591ae0f1eea3b981e7180c73,places2,data/raw_smoke/places2/images/train/places_000103.jpg,images/train/places_000103.jpg,smoke places scene 103,128,128,579b77b892d32b450602f5bf482246f24d70355e5d6281f6e3ad3dd3d9cf7fb1,1,
places2_e852b6d0e05b0c7de8a390ff,places2,data/raw_smoke/places2/images/train/places_000104.jpg,images/train/places_000104.jpg,smoke places scene 104,128,128,df526cf0edc15d7d8e4eacf95980d436fcd5dfd4ac171aa5bed5dc8041ae8a41,1,
places2_84f27d67062b09b7c2296e07,places2,data/raw_smoke/places2/images/train/places_000105.jpg,images/train/places_000105.jpg,smoke places scene 105,128,128,b0d7cca73f5cbdb957f9b02e32160ba682efbaa06c766c977d3c337b8478925d,1,
places2_8e7864bcacd529c4314ac6a3,places2,data/raw_smoke/places2/images/train/places_000106.jpg,images/train/places_000106.jpg,smoke places scene 106,128,128,17fb096fb96a22bafda17b5ca3ec6ce10e01000e2325ba62c7d418d0f46f9559,1,
places2_ee49e3beea7040964242e1cf,places2,data/raw_smoke/places2/images/train/places_000107.jpg,images/train/places_000107.jpg,smoke places scene 107,128,128,a2abc4891a45c5b09a2bb176f1500d2ebcfe2e422322b6ab49b67a17df95ab7f,1,
places2_0c4eba0b035c473e8a4458fa,places2,data/raw_smoke/places2/images/train/places_000108.jpg,images/train/places_000108.jpg,smoke places scene 108,128,128,0a6f1a864983c831f1992dc9a08576f8e9ab9bfeb7c7fb83cf339fbc1330be2f,1,
places2_1c60457828657e9337230ac8,places2,data/raw_smoke/places2/images/train/places_000109.jpg,images/train/places_000109.jpg,smoke places scene 109,128,128,36dc2aa5de95a709b2e3c9e45517ff058211a5bd03a97f060e94a2982208f056,1,
places2_ce15d10b4d6283b782fc239d,places2,data/raw_smoke/places2/images/train/places_000110.jpg,images/train/places_000110.jpg,smoke places scene 110,128,128,d7f2b2ac0fd44a2c9fc9ac4346ff859cc7a5cdfd425b361bee0122a6dfc84450,1,
places2_24079f3c786c156a5d5d3d42,places2,data/raw_smoke/places2/images/train/places_000111.jpg,images/train/places_000111.jpg,smoke places scene 111,128,128,e029e63da723a06f231edb68deb031e46f204ffba733a340f15511ee00b39906,1,
places2_1dd1839623a7dcd977711b2f,places2,data/raw_smoke/places2/images/train/places_000112.jpg,images/train/places_000112.jpg,smoke places scene 112,128,128,1c4336fea7f39069e66d6fff49e9f077cb36dc458b1e2167f366de57f5b3e265,1,
places2_430ded70335ca5701d5996d3,places2,data/raw_smoke/places2/images/train/places_000113.jpg,images/train/places_000113.jpg,smoke places scene 113,128,128,6221db86ebeb8dd675d07eb62b67d687a4b5d1506650dbf1871a2ff75c796eb9,1,
places2_88479423364ea9d3b42ab96e,places2,data/raw_smoke/places2/images/train/places_000114.jpg,images/train/places_000114.jpg,smoke places scene 114,128,128,f302d19e2c65aa62b3ec1ec0ecde0c9f8b6f6c0363f8230211391c6662f388d8,1,
places2_d812b0c8ea54061d3737a56e,places2,data/raw_smoke/places2/images/train/places_000115.jpg,images/train/places_000115.jpg,smoke places scene 115,128,128,65a8bb8365e7fbeb27ef76c7f466429c3d58489044a423e1e66ca8e43da8cde1,1,
places2_57860b880ea2eb859d348338,places2,data/raw_smoke/places2/images/train/places_000116.jpg,images/train/places_000116.jpg,smoke places scene 116,128,128,831a6ecad8b564ac6931b37f77f03f96c2609b1dd4e3299f805f94a36a3e07bd,1,
places2_bf4f64f4c1e0485b20e38328,places2,data/raw_smoke/places2/images/train/places_000117.jpg,images/train/places_000117.jpg,smoke places scene 117,128,128,69190abf2efcb58f8c619dedf7d1e7ae18692787705c7f9f4de324850f38f5a9,1,
places2_263a35467902257bf3469f4b,places2,data/raw_smoke/places2/images/train/places_000118.jpg,images/train/places_000118.jpg,smoke places scene 118,128,128,829db4b3fa5b6e68fe4839e96edc3812d2ccd2a85da45b386aea55bf7192c21c,1,
places2_7f31652422994d9b529d1ec1,places2,data/raw_smoke/places2/images/train/places_000119.jpg,images/train/places_000119.jpg,smoke places scene 119,128,128,24819c79f4f3571546b7653d6558fb0c816561d2b1c9e6e27ddcff4ddba34862,1,
places2_e8f527185bd0240eb4e03ace,places2,data/raw_smoke/places2/images/train/places_000120.jpg,images/train/places_000120.jpg,smoke places scene 120,128,128,5c46cb84101e7d32e63a707ecdb87d8e54720d2da0b8b2903b982cf1058765a1,1,
places2_c1697326b6ce16c3f86b8f6a,places2,data/raw_smoke/places2/images/train/places_000121.jpg,images/train/places_000121.jpg,smoke places scene 121,128,128,1487655bc03a4ea8875de5021f11c0b2593858e59e3c1352341c638157d11803,1,
places2_b61d46f6ef103aab4ad548ca,places2,data/raw_smoke/places2/images/train/places_000122.jpg,images/train/places_000122.jpg,smoke places scene 122,128,128,064295a49453e146e0c19dea97dd9e13f9606bed8dee6733c17ffdcb737b2178,1,
places2_b917baedcec4aa0d3dc0dd10,places2,data/raw_smoke/places2/images/train/places_000123.jpg,images/train/places_000123.jpg,smoke places scene 123,128,128,e3dc51d9e1c212e8584a56221a5eed4e5451ccd3f6c3569cdcc1c3dfe6bad183,1,
places2_2c12411a6a28413f34ba490d,places2,data/raw_smoke/places2/images/train/places_000124.jpg,images/train/places_000124.jpg,smoke places scene 124,128,128,4ef233317ce0ea106083c944c184cea2b84e27ef0b1c62dd7cc5efbf973a3130,1,
places2_e87d8aaeaf489a755e63457a,places2,data/raw_smoke/places2/images/train/places_000125.jpg,images/train/places_000125.jpg,smoke places scene 125,128,128,f72e32f519f265595886f426b02997d3a5b869aa80cc0314c36fade499ad9b07,1,
places2_18d74b4affa7fcb70c86f4ef,places2,data/raw_smoke/places2/images/train/places_000126.jpg,images/train/places_000126.jpg,smoke places scene 126,128,128,2c45408e349ba788508e1f98d39671fe5a10622cdf225b016f789139dbd44599,1,
places2_21bc21f55bfe8a00fdeedb95,places2,data/raw_smoke/places2/images/train/places_000127.jpg,images/train/places_000127.jpg,smoke places scene 127,128,128,59d837c6749b3cc20a8597ec4565dd2e23109433bcb0b0bc5c01b60e598ef744,1,
places2_670006d340f1c91e7dc12a04,places2,data/raw_smoke/places2/images/train/places_000128.jpg,images/train/places_000128.jpg,smoke places scene 128,128,128,56fcaeee749ef30ea6801a77ccb0e0879094ccbc87a0cba29f191520571b0675,1,
places2_94ba6d7f64085795b34d5cb9,places2,data/raw_smoke/places2/images/train/places_000129.jpg,images/train/places_000129.jpg,smoke places scene 129,128,128,6a74967c13f4ac9dcd29ccc2bfbf51ae67c52f6649841037a691cb1404dc743c,1,
places2_4449d0b421799abd11e8f189,places2,data/raw_smoke/places2/images/train/places_000130.jpg,images/train/places_000130.jpg,smoke places scene 130,128,128,ea00a2716bd75cb1ceae961fc9db0db1b231979ea19a11cd1cf10663c872355f,1,
places2_277cd782b702ce7f5a46c7f8,places2,data/raw_smoke/places2/images/train/places_000131.jpg,images/train/places_000131.jpg,smoke places scene 131,128,128,669bf4cda00577ba8776dfaf3a6ac21b427796ecb642c912adf406a59af2fcff,1,
places2_c231f1869bd4ee48865b23c1,places2,data/raw_smoke/places2/images/train/places_000132.jpg,images/train/places_000132.jpg,smoke places scene 132,128,128,80266355a41830bad59d87f7339c839e40ddf3e457287acb9c903ce37e3ffee0,1,
places2_4e6f5235134777990e0ceba1,places2,data/raw_smoke/places2/images/train/places_000133.jpg,images/train/places_000133.jpg,smoke places scene 133,128,128,a9e9099af9115e48b37092f4fb1d5f8a2911b3e6f2cc6dc8917042b5c4321498,1,
places2_63811c8b20b70eaecacabdbd,places2,data/raw_smoke/places2/images/train/places_000134.jpg,images/train/places_000134.jpg,smoke places scene 134,128,128,2ff4970c61591554bbf7169e91c9027d2b6a20c12a5d67d041173de8374384e0,1,
places2_9879bc26ea76c0d459c87a42,places2,data/raw_smoke/places2/images/train/places_000135.jpg,images/train/places_000135.jpg,smoke places scene 135,128,128,12d4e283255608dddd446882dfdcac19aaf5aaedb8b5c9fcab34409b30fdff3e,1,
places2_a11f12dc4975eac25f7ed5ff,places2,data/raw_smoke/places2/images/train/places_000136.jpg,images/train/places_000136.jpg,smoke places scene 136,128,128,98932db56a04cc5faa57c20cc28010f485db319f13c64772bbf7082b817cf153,1,
places2_7e9344732193afcce962ca31,places2,data/raw_smoke/places2/images/train/places_000137.jpg,images/train/places_000137.jpg,smoke places scene 137,128,128,9fbd067acd837f9984a7a5e76796665e09ae5e12fbcc0c04cf3a3f5460ece903,1,
places2_df0069d3e91fab718a35bcf4,places2,data/raw_smoke/places2/images/train/places_000138.jpg,images/train/places_000138.jpg,smoke places scene 138,128,128,76eaacac751762169b64b40bbef73d6650b63cd63806b4bac91debbd5eaf7575,1,
places2_1899a85ca228b165d8e21a1d,places2,data/raw_smoke/places2/images/train/places_000139.jpg,images/train/places_000139.jpg,smoke places scene 139,128,128,44b1a331ad1268f92a89146de58ab2c319ce81566dfc1681f4174ae04f5d372f,1,
places2_510c863d680b651d9c32df6c,places2,data/raw_smoke/places2/images/train/places_000140.jpg,images/train/places_000140.jpg,smoke places scene 140,128,128,cff2cf1829f7e559bf053f09a94d72a8330d9433b75ecb53b7d9adf3b129095d,1,
places2_5dfe915de1efaaf7ee8a04f0,places2,data/raw_smoke/places2/images/train/places_000141.jpg,images/train/places_000141.jpg,smoke places scene 141,128,128,e7f3e666e3a26ce7f9a3ffb83599520cd0a4e5e8c28e818a2138ef8798500f19,1,
places2_4c9e43fa2cd4a4bc2965e993,places2,data/raw_smoke/places2/images/train/places_000142.jpg,images/train/places_000142.jpg,smoke places scene 142,128,128,7df5dc14cb5fbdd03504a66eeaa1714dcfb8a4a6b59430ea76fd4252fed1baf7,1,
places2_8509a7a08284384fe77a9910,places2,data/raw_smoke/places2/images/train/places_000143.jpg,images/train/places_000143.jpg,smoke places scene 143,128,128,c74667c3dcc8331a60698d90433c226d4e2e4f8c300fa3e60037612ea04ca83d,1,
places2_6bcd69c3215384bbcee98e6f,places2,data/raw_smoke/places2/images/train/places_000144.jpg,images/train/places_000144.jpg,smoke places scene 144,128,128,220dffa4149cc29f4dd5997df6c2f2eb6c76350965aa325b6a3eaafe4817e7d2,1,
places2_edcef908ea4471f6001b2ecf,places2,data/raw_smoke/places2/images/train/places_000145.jpg,images/train/places_000145.jpg,smoke places scene 145,128,128,3d5af24608f6524811c1a9fdb38e5895b37b02ba27f62ffc5750744b220b67c2,1,
places2_ae5bcabd362e6cfd3bba00be,places2,data/raw_smoke/places2/images/train/places_000146.jpg,images/train/places_000146.jpg,smoke places scene 146,128,128,d4ffa1f00f30a23ea37999f46bdeb3b03c6569a880c7dcf47e55731cf7519943,1,
places2_2173f1de75280d3edc6aa50e,places2,data/raw_smoke/places2/images/train/places_000147.jpg,images/train/places_000147.jpg,smoke places scene 147,128,128,5f60202cff80f676e0d74348141610001225495e59e7306a7cf687d8e2fb3f46,1,
places2_daa1219a8986646014056f5b,places2,data/raw_smoke/places2/images/train/places_000148.jpg,images/train/places_000148.jpg,smoke places scene 148,128,128,d6a26aa69bb51bbd125c7eb0046454055a4e25acbc0ed817b9c7466d741ee680,1,
places2_50174cd38614348247cec819,places2,data/raw_smoke/places2/images/train/places_000149.jpg,images/train/places_000149.jpg,smoke places scene 149,128,128,8d7df48b093a610d46dd342c932ac5622c06880fb30277f93c8be9d7829af68f,1,
places2_224aefdf2c2ea6aea6436930,places2,data/raw_smoke/places2/images/train/places_000150.jpg,images/train/places_000150.jpg,smoke places scene 150,128,128,63f55df9dce4af0840dcd50e32dfcda6e20fd430bdacd93ca43f476b67ac9651,1,
places2_9978ed4f2facc8fce09db921,places2,data/raw_smoke/places2/images/train/places_000151.jpg,images/train/places_000151.jpg,smoke places scene 151,128,128,90bdac0f360cd4175d85ec7e0aa79bb128a87214e1d83922788fc6f3e360795f,1,
places2_94966307b43439bcd01ce0a0,places2,data/raw_smoke/places2/images/train/places_000152.jpg,images/train/places_000152.jpg,smoke places scene 152,128,128,6a6533d8a792ba6f835931bd582fc9db555ade09217912f571aafe64a1495dd8,1,
places2_dec98a2cb269541367245f52,places2,data/raw_smoke/places2/images/train/places_000153.jpg,images/train/places_000153.jpg,smoke places scene 153,128,128,21814e4b3d2ffed6d22d190fa717e72ae63d6fed362ba9b0cf21878d681a67ee,1,
places2_e917b2dad6632040189e304d,places2,data/raw_smoke/places2/images/train/places_000154.jpg,images/train/places_000154.jpg,smoke places scene 154,128,128,01fd657db10874044617f44ef965e733e913967f86b1d6044c75187deaee27ce,1,
places2_fb5f38ece3bc3c7a34ac02e5,places2,data/raw_smoke/places2/images/train/places_000155.jpg,images/train/places_000155.jpg,smoke places scene 155,128,128,514a5867e470b0d1d6fd8759ec8b9a99fd03e3d7c98619f0961ed91d5a5f78a8,1,
places2_0d3e2ebe2bdb7e4db57a4723,places2,data/raw_smoke/places2/images/train/places_000156.jpg,images/train/places_000156.jpg,smoke places scene 156,128,128,00452b5473096cc25495cb0552b79b7fe72bc1931ab9075f994a321b257cb369,1,
places2_f0a0b294d4fd27bd59424113,places2,data/raw_smoke/places2/images/train/places_000157.jpg,images/train/places_000157.jpg,smoke places scene 157,128,128,3ace060ee6985ca37f0f4413acc79cc1cdd7f95d463516d58bba3d4278612e12,1,
places2_c41ee5363aa20e7f8b3b3b2d,places2,data/raw_smoke/places2/images/train/places_000158.jpg,images/train/places_000158.jpg,smoke places scene 158,128,128,8ad129db6c09ed6e8c285ea11369f785798241ffa49e13fd47b1fd4142ba04d4,1,
places2_4546384974c20527b3e945bb,places2,data/raw_smoke/places2/images/train/places_000159.jpg,images/train/places_000159.jpg,smoke places scene 159,128,128,33d6a511711a7af295433f73ec4fcef3369ba2a10e3432dc0829ae5ae5d56fe3,1,
places2_671711c58f03744275998217,places2,data/raw_smoke/places2/images/train/places_000160.jpg,images/train/places_000160.jpg,smoke places scene 160,128,128,ba766ad3e67618ef8efd386334b5167ef4d623323e670784c26fc703d06b14c9,1,
places2_b62b958ab63b4f050d6fc049,places2,data/raw_smoke/places2/images/train/places_000161.jpg,images/train/places_000161.jpg,smoke places scene 161,128,128,fdc4e1e3c3761a32154dad97de327089b1488498df0eb680ed599bdbcab979ff,1,
places2_8c27a017ca1ae17954c50cfa,places2,data/raw_smoke/places2/images/train/places_000162.jpg,images/train/places_000162.jpg,smoke places scene 162,128,128,5839ee7638f0bb379c51b5a10e62e35c12fc8fe370e9af0531a87b9c76ad6833,1,
places2_acd8b7f3fae474a5c4f15e7d,places2,data/raw_smoke/places2/images/train/places_000163.jpg,images/train/places_000163.jpg,smoke places scene 163,128,128,c2709a415fe0602af48a0f951e8999ed3930c4043f5423c8635d3547d66bef3b,1,
places2_cc6388184445f686b543d7e2,places2,data/raw_smoke/places2/images/train/places_000164.jpg,images/train/places_000164.jpg,smoke places scene 164,128,128,d578693b340d8b02e66ff0490d5a7d94fec280eda5582b80a51ef0047980a6a9,1,
places2_b12e780b5851e0c6568ebb52,places2,data/raw_smoke/places2/images/train/places_000165.jpg,images/train/places_000165.jpg,smoke places scene 165,128,128,befbc905ffb0e48af22d82f3b290c7734819c9b9e0467905a40825bb60d1fca9,1,
places2_ba13a33a0931fcd4d7429ca2,places2,data/raw_smoke/places2/images/train/places_000166.jpg,images/train/places_000166.jpg,smoke places scene 166,128,128,6f726cef5a655e9eeb06fdbeefffedddaa927cf3d0ce0628da19cf728ab6724a,1,
places2_a37c24c0407ff90648198564,places2,data/raw_smoke/places2/images/train/places_000167.jpg,images/train/places_000167.jpg,smoke places scene 167,128,128,62c9f009f45ccc42102b2b72b81233b12f2f27c02eaeb94b68ea2e4b139364dc,1,
places2_b66590f21e3dc6b35225eed4,places2,data/raw_smoke/places2/images/train/places_000168.jpg,images/train/places_000168.jpg,smoke places scene 168,128,128,ef922c1c6528e8318a8732f6977a0cf6ac02a190ad5c2a596ba7c80ab87bd89f,1,
places2_56a3c8c8b1574db621c594f0,places2,data/raw_smoke/places2/images/train/places_000169.jpg,images/train/places_000169.jpg,smoke places scene 169,128,128,5445c66e0f4cb3fd9d043028454df0d7538c7be604df331b76d084f40101d104,1,
places2_943d831fb440abbac4b0ef66,places2,data/raw_smoke/places2/images/train/places_000170.jpg,images/train/places_000170.jpg,smoke places scene 170,128,128,beede9d56e5f9c232b5f209398ad14ac3900d4bd0c9e9157bc497c27b4df4792,1,
places2_e3902fc00840c31969a52605,places2,data/raw_smoke/places2/images/train/places_000171.jpg,images/train/places_000171.jpg,smoke places scene 171,128,128,ead2307cca2047915cfb4e8eeb0ebd506bc8d44790bb7c123e8daede67e2bbe4,1,
places2_b0272538c5bb43e57822307c,places2,data/raw_smoke/places2/images/train/places_000172.jpg,images/train/places_000172.jpg,smoke places scene 172,128,128,694e314f5d1ecd55aaf41b784928cae601fa6a02b00292487937a56ad807d787,1,
places2_ffb7f5ad4941d0ba2e4fd227,places2,data/raw_smoke/places2/images/train/places_000173.jpg,images/train/places_000173.jpg,smoke places scene 173,128,128,876f34df92c06f9163d1f2a03c68d43bf350567eb9e47da193d2f033ee298514,1,
places2_7de4de257f2b1e7d39cc39aa,places2,data/raw_smoke/places2/images/train/places_000174.jpg,images/train/places_000174.jpg,smoke places scene 174,128,128,9cd0aa32145fd62c1f2927ad4185db31b1bb1a50ab458ab35e22cca70728d930,1,
places2_a29d43fea6ab99a7fbb6d116,places2,data/raw_smoke/places2/images/train/places_000175.jpg,images/train/places_000175.jpg,smoke places scene 175,128,128,6b6e724eab2ce65ba2810d32989e5949669a0133b96230197d256cb6d1854278,1,
places2_4734343fca312812aafd662f,places2,data/raw_smoke/places2/images/train/places_000176.jpg,images/train/places_000176.jpg,smoke places scene 176,128,128,5a80e9c27c7b971f30b1424777d5d7cdd8be8165bb844ccc55662ab5f7a0dad0,1,
places2_97f6915f740c6493a06639d2,places2,data/raw_smoke/places2/images/train/places_000177.jpg,images/train/places_000177.jpg,smoke places scene 177,128,128,8bd542d51ecdfb2bb6c38af0d764433f6f2bbd191c0aeeae9797739bf5906579,1,
places2_35413325a09e1c1b1d92920a,places2,data/raw_smoke/places2/images/train/places_000178.jpg,images/train/places_000178.jpg,smoke places scene 178,128,128,64ab3b44d10c3f75d9a1bd12cc6017b800f197a906c21e027b83f36779af181e,1,
places2_5bb603586acfdc1510473576,places2,data/raw_smoke/places2/images/train/places_000179.jpg,images/train/places_000179.jpg,smoke places scene 179,128,128,dcadb9bd55b16e809d822f918510a10427c88d6e71fcf77caaecae006b4b5cfa,1,
places2_ea17e55554ef33f0fcc42602,places2,data/raw_smoke/places2/images/train/places_000180.jpg,images/train/places_000180.jpg,smoke places scene 180,128,128,c4a88be8f9c1c49e6ad35dc4df1982166c98eff0498e0ae1a5037a8448c22cf0,1,
places2_5d0c5433c23635ca459330a0,places2,data/raw_smoke/places2/images/train/places_000181.jpg,images/train/places_000181.jpg,smoke places scene 181,128,128,075b2bed2e25da24277b628147ab96b617877f1ca7cc3b5d8dbe07b42fb39025,1,
places2_04f7130049ae47010834cadb,places2,data/raw_smoke/places2/images/train/places_000182.jpg,images/train/places_000182.jpg,smoke places scene 182,128,128,ea030923ecd30a40663b282cc776fd2f3d547ec6f4bfa43bafc01f1bcf0ebdd8,1,
places2_34b706210869f2545a1d1a80,places2,data/raw_smoke/places2/images/train/places_000183.jpg,images/train/places_000183.jpg,smoke places scene 183,128,128,42fbc080c11c2ac94e714ba41a2fa4e210ac67fab556b607fec64c50375dd887,1,
places2_911d2004c15e0012d7c3fca6,places2,data/raw_smoke/places2/images/train/places_000184.jpg,images/train/places_000184.jpg,smoke places scene 184,128,128,79120d49d2e0a2045521161f62b6082041eaebfa376f48139f55e2f746841ef9,1,
places2_a7dd3595cfd5dcd6cd11b640,places2,data/raw_smoke/places2/images/train/places_000185.jpg,images/train/places_000185.jpg,smoke places scene 185,128,128,ca093f6b18614a76072d31bb0c2a2991256e1e6cc215e60bc6c90e881351204f,1,
places2_f9076a4b2454bd9654ccb5c2,places2,data/raw_smoke/places2/images/train/places_000186.jpg,images/train/places_000186.jpg,smoke places scene 186,128,128,c410df7ea7f3f145dd2c416c4bbce45124574bfe1cb909055892b8574ab5e8a7,1,
places2_ebefb1f0e5d8eb1831ec7804,places2,data/raw_smoke/places2/images/train/places_000187.jpg,images/train/places_000187.jpg,smoke places scene 187,128,128,dcc571b07f104f52ff1d386ea7ab1644eb46c21e7eb8c96a082ee9a2da9a34fe,1,
places2_4932c191ed4e864fe1c2a29f,places2,data/raw_smoke/places2/images/train/places_000188.jpg,images/train/places_000188.jpg,smoke places scene 188,128,128,05ecf3df29f9f8f3a0747f120da2d6db770dd052aacf25e8b87d0b3ff4bb80f9,1,
places2_44b7c23a6256291ee77b328f,places2,data/raw_smoke/places2/images/train/places_000189.jpg,images/train/places_000189.jpg,smoke places scene 189,128,128,af6eb9e1622c1c56872ae2a4c0f2e7b0dc039ef4d54b19de39d4ea76b95484ea,1,
places2_5afa7039de67d94cd5acfd66,places2,data/raw_smoke/places2/images/train/places_000190.jpg,images/train/places_000190.jpg,smoke places scene 190,128,128,b0f4d12b68ac7f35a6d4b9dccb50780a1d1d9938e36a947241e73bcd4aef7733,1,
places2_4e952368614fc3f13ab457ac,places2,data/raw_smoke/places2/images/train/places_000191.jpg,images/train/places_000191.jpg,smoke places scene 191,128,128,f899103926628a2dfa1e819c2b59338bbb82bcdf074b8524359a8f758e76dd2f,1,
places2_f2df1681a8f227bce7ff4a14,places2,data/raw_smoke/places2/images/train/places_000192.jpg,images/train/places_000192.jpg,smoke places scene 192,128,128,e69b242e2d02aafb67dc4c27731d5d6f7492c97899e3795f6d4f83a630d99fcb,1,
places2_9fb3f14df3e7a05b9888c908,places2,data/raw_smoke/places2/images/train/places_000193.jpg,images/train/places_000193.jpg,smoke places scene 193,128,128,974e3f6d00f95ac5d4a86234605f3eb166c87e08786db45acc36605857d12712,1,
places2_a477ce9da06258207d7a20ed,places2,data/raw_smoke/places2/images/train/places_000194.jpg,images/train/places_000194.jpg,smoke places scene 194,128,128,7599776d1aaa4df5a964a6c6ea5039248324c5080659bfb4a57e30c947ca1b49,1,
places2_298c97aa9cacc228c8a105d3,places2,data/raw_smoke/places2/images/train/places_000195.jpg,images/train/places_000195.jpg,smoke places scene 195,128,128,32e9fca8812395e85b77e53045cecee6526f51d9a1c0165b4f221c33535d2a05,1,
places2_506da7848b1891851d2097c5,places2,data/raw_smoke/places2/images/train/places_000196.jpg,images/train/places_000196.jpg,smoke places scene 196,128,128,0f8b1b0d00434e2c798e209e1b44fea92ddd8acbfa9144a2e9ea8045d4ce0a01,1,
places2_ba4a61bce62a802dab414ec1,places2,data/raw_smoke/places2/images/train/places_000197.jpg,images/train/places_000197.jpg,smoke places scene 197,128,128,f7128763e0c2fd6de86eb69be4acee64741573e3e0a25af7c73471431aa4caad,1,
places2_8dc6c48d4536c4a0b3062bd3,places2,data/raw_smoke/places2/images/train/places_000198.jpg,images/train/places_000198.jpg,smoke places scene 198,128,128,74578ca6244f153a302fe7ef742ecf7ec70635b2c0c5c91ad6bcf211ae394162,1,
places2_a98e36b957fbc8d2dbb31e3c,places2,data/raw_smoke/places2/images/train/places_000199.jpg,images/train/places_000199.jpg,smoke places scene 199,128,128,c9325c39df7299b7417690b2a32fc28840088e678ca6937cf68ab5700fa40e8b,1,
places2_032bba578410ad7c483ab5b3,places2,data/raw_smoke/places2/images/train/places_000200.jpg,images/train/places_000200.jpg,smoke places scene 200,128,128,2611b3377ea3a8d4fecc44f89cd15817c04eb792d2c6bc7f04b8d5d6aa956dff,1,
places2_f7978c542af777ee8ca25ee1,places2,data/raw_smoke/places2/images/train/places_000201.jpg,images/train/places_000201.jpg,smoke places scene 201,128,128,dd993cbfdf06619320190d654cf24a97a34972a96698b28f54b35bed9168763b,1,
places2_10b0bcea386d591091e9a82b,places2,data/raw_smoke/places2/images/train/places_000202.jpg,images/train/places_000202.jpg,smoke places scene 202,128,128,6a28ce029cd6d45473e87c0e2ed3caf24766bcb4bc330c31e8d99e3bf7715fc3,1,
places2_23c1a31dad5795fbb7f5ebe8,places2,data/raw_smoke/places2/images/train/places_000203.jpg,images/train/places_000203.jpg,smoke places scene 203,128,128,ef88b604e6f06ca5af6a522ce0fc3ce9a3c945938a7fc8cc344c22cc720b8a77,1,
places2_2d542f7e5f80a9d0daac7210,places2,data/raw_smoke/places2/images/train/places_000204.jpg,images/train/places_000204.jpg,smoke places scene 204,128,128,0bab8f923ae5d6cfc751cf336e5700e8af25779ed7a7540bcc37733fdd2adf17,1,
places2_75e9fcd8c59f65b616829d77,places2,data/raw_smoke/places2/images/train/places_000205.jpg,images/train/places_000205.jpg,smoke places scene 205,128,128,f63c86c7fc7db38f8eb18f2c480117708d2b614112f7034f27c344cdf931586e,1,
places2_c1fcd704472ffadf0ac0f971,places2,data/raw_smoke/places2/images/train/places_000206.jpg,images/train/places_000206.jpg,smoke places scene 206,128,128,5dbb451046bba0988d8079be16421bd67adfdfec4d1abf837d3b77b7c5620344,1,
places2_6fa29c50490c14e6bc0616f6,places2,data/raw_smoke/places2/images/train/places_000207.jpg,images/train/places_000207.jpg,smoke places scene 207,128,128,bed04a1431b3541eae2cc96151ab9e81699fd71449f4ba533ef0a711f015b027,1,
places2_c3583b4214fdda144e0fecbc,places2,data/raw_smoke/places2/images/train/places_000208.jpg,images/train/places_000208.jpg,smoke places scene 208,128,128,c555c0f5a7aed321851dca81192a5bc436530b153ee5dee608932b54b6790233,1,
places2_1d74414b17dfa5dc33a9458b,places2,data/raw_smoke/places2/images/train/places_000209.jpg,images/train/places_000209.jpg,smoke places scene 209,128,128,22320a74abc52439628ce303cfc320c4bd1ddcadf6c816818b1eb687ac79669c,1,
places2_2168b88e55209f72d5e2f16c,places2,data/raw_smoke/places2/images/train/places_000210.jpg,images/train/places_000210.jpg,smoke places scene 210,128,128,6bd2ba9ea0deee1a9a645afc8e0ce5cb17db31273eea33e51283b92ba6129d2b,1,
places2_913287755620701eed2f37d1,places2,data/raw_smoke/places2/images/train/places_000211.jpg,images/train/places_000211.jpg,smoke places scene 211,128,128,71725eaa9aa68904da59aea68d8e4260b9a423804a45ca0b9a68f783a2f99dbe,1,
places2_2c8c33aba7c33726c51d468d,places2,data/raw_smoke/places2/images/train/places_000212.jpg,images/train/places_000212.jpg,smoke places scene 212,128,128,b6e3644ca5a1ac40902be805d248d5e5d8efa0d248b406cbea0ac41c98a36517,1,
places2_da1ee3ad1e8423e52fdd75e0,places2,data/raw_smoke/places2/images/train/places_000213.jpg,images/train/places_000213.jpg,smoke places scene 213,128,128,fcd09887522996dc67633459fbc56bebc90c6bf7dbea5c4c5936dbd7d5beda4e,1,
places2_c710703e59c9cc07e1f1d3ce,places2,data/raw_smoke/places2/images/train/places_000214.jpg,images/train/places_000214.jpg,smoke places scene 214,128,128,c6b7de9ddccf6eba4089676e671156ea191410830130bbcceef09afa66303355,1,
places2_ccb7a5a55693f6d2bb6d08af,places2,data/raw_smoke/places2/images/train/places_000215.jpg,images/train/places_000215.jpg,smoke places scene 215,128,128,d9f38950efa47375eceda0c58875fd92c611caadb3e0ca16f5f4e84e1e174959,1,
places2_6d1cb77d68cc3195e004053a,places2,data/raw_smoke/places2/images/train/places_000216.jpg,images/train/places_000216.jpg,smoke places scene 216,128,128,d43bd2618a620523a43358a9584374c272cd3cf0e334d8b9dd8cf98199b527b7,1,
places2_8d8ac66fb83c27c7f55dd99a,places2,data/raw_smoke/places2/images/train/places_000217.jpg,images/train/places_000217.jpg,smoke places scene 217,128,128,326fb71c73b5e49b85c546b97979b97b07ded25aadd6ec48383eac1b3fb8c759,1,
places2_7de36fa5f4c9c23c4c661a61,places2,data/raw_smoke/places2/images/train/places_000218.jpg,images/train/places_000218.jpg,smoke places scene 218,128,128,95d3925e79f885b893c18e7a568833659a71828a07e1d746e1306ac91831a2d7,1,
places2_892bccea1c54f15f3a6371b0,places2,data/raw_smoke/places2/images/train/places_000219.jpg,images/train/places_000219.jpg,smoke places scene 219,128,128,9ceeb93ab28af48366387a918d84c076ff3a5e573ff8f739d735ca0c16212b48,1,
places2_faa6488a18d6cc6e6c271b70,places2,data/raw_smoke/places2/images/train/places_000220.jpg,images/train/places_000220.jpg,smoke places scene 220,128,128,3df7c9f8f1cc8b1f356b50b604e8935f0882a023f2523586455b9495cf216945,1,
places2_2b1d292c10e4160b5e1ceca9,places2,data/raw_smoke/places2/images/train/places_000221.jpg,images/train/places_000221.jpg,smoke places scene 221,128,128,68bfd110805982b424d3da03c1159d499c505bb76efea1b9c94d94bf5c0b854d,1,
places2_f8f2bafbc8ac44e1909543ad,places2,data/raw_smoke/places2/images/train/places_000222.jpg,images/train/places_000222.jpg,smoke places scene 222,128,128,65a03e02f10e433a0eb0633994ee56a95386e15d4b33449f0d4c41067a7ba96a,1,
places2_4e8c4101d369737fdb973456,places2,data/raw_smoke/places2/images/train/places_000223.jpg,images/train/places_000223.jpg,smoke places scene 223,128,128,61362b217a38062046d34cc75cd7ef9437dc8e01bbc03f51a35b1db994219d83,1,
places2_6ff1dd0102035afbaae077e1,places2,data/raw_smoke/places2/images/train/places_000224.jpg,images/train/places_000224.jpg,smoke places scene 224,128,128,5929ca342e9019106473e0edf05073ac13300b0a7490e7929e69f0ecf6dc1613,1,
places2_fadd1028528c2cbf40fb344c,places2,data/raw_smoke/places2/images/train/places_000225.jpg,images/train/places_000225.jpg,smoke places scene 225,128,128,72dd28844f60d0087f873e3a58918972b00c87ab225d0a07cd4000cbf8f36ff3,1,
places2_3d43b15745dc56fcd85a9104,places2,data/raw_smoke/places2/images/train/places_000226.jpg,images/train/places_000226.jpg,smoke places scene 226,128,128,87d02a0ce0be8d21a1e79b49f9ad0112fe8702814e790665c2d68c86b442ac40,1,
places2_2f6e583455c3e904d0c112dc,places2,data/raw_smoke/places2/images/train/places_000227.jpg,images/train/places_000227.jpg,smoke places scene 227,128,128,276c200e5080461f0afcefedd71b4db51530d6d19db495af79d7818c39120b3c,1,
places2_d77bba00cbd029b2507cd68f,places2,data/raw_smoke/places2/images/train/places_000228.jpg,images/train/places_000228.jpg,smoke places scene 228,128,128,8af0d3355ad7c1d4cebe1136fcb66a1fe9004d889e2f3dcb958f39735b3d4eee,1,
places2_7405f10e108e554ad7091d81,places2,data/raw_smoke/places2/images/train/places_000229.jpg,images/train/places_000229.jpg,smoke places scene 229,128,128,565fe10db31c0078050efc816b5ead03812c2e92f5d5c03bbf5b5fc9a4902b43,1,
places2_bf8d97304688cccb011b49f5,places2,data/raw_smoke/places2/images/train/places_000230.jpg,images/train/places_000230.jpg,smoke places scene 230,128,128,6349ad4cefce3ed0a0bc4e06e53970103ba5e3242c06c241a2918503f636581e,1,
places2_b8265600ce37394d9da0ea22,places2,data/raw_smoke/places2/images/train/places_000231.jpg,images/train/places_000231.jpg,smoke places scene 231,128,128,b0f065b5264394fd5fa84ab82a976600408fe3296260dcc77996d6ca214230f2,1,
places2_26a32dbed59dd9b5baf76b9b,places2,data/raw_smoke/places2/images/train/places_000232.jpg,images/train/places_000232.jpg,smoke places scene 232,128,128,57fbae1db1437d015455c4bc78f0c0310c6305ea07b134994310686bd5e2edc6,1,
places2_b791ff19cbb8cda6382a86b5,places2,data/raw_smoke/places2/images/train/places_000233.jpg,images/train/places_000233.jpg,smoke places scene 233,128,128,eb59d0583147885a184f3014e7ef0e69fd17011b223d5e2fc641d49b5e239bb1,1,
places2_42d7945a83ed158c910a4937,places2,data/raw_smoke/places2/images/train/places_000234.jpg,images/train/places_000234.jpg,smoke places scene 234,128,128,63e594237013e1cd745c9970879ce967d7208209e71a14e991894ecfe390dcba,1,
places2_321e06b43210d87f2fe4afa5,places2,data/raw_smoke/places2/images/train/places_000235.jpg,images/train/places_000235.jpg,smoke places scene 235,128,128,bdcce405adbe53aa702c80fbd864b1e350c73f715275008952e7af65fdbac804,1,
places2_a1bcba550c394558df5bfc2e,places2,data/raw_smoke/places2/images/train/places_000236.jpg,images/train/places_000236.jpg,smoke places scene 236,128,128,6b5d9737e772518c7c055f15998d5ea537241e196af9f57de7f3decabfd4abb5,1,
places2_d6e332bc6e468c85235db209,places2,data/raw_smoke/places2/images/train/places_000237.jpg,images/train/places_000237.jpg,smoke places scene 237,128,128,f75eb9d0a7166f988623cc5ebb53cce6d52d24a4a58be0dd2b18877d075b9f47,1,
places2_f160da7c2f26585d40631a7f,places2,data/raw_smoke/places2/images/train/places_000238.jpg,images/train/places_000238.jpg,smoke places scene 238,128,128,674993b83622329e2eb020b3655d20303c57eaf87e978ce7b3b32c265c5b03c5,1,
places2_a33ff3d44772929b327badc2,places2,data/raw_smoke/places2/images/train/places_000239.jpg,images/train/places_000239.jpg,smoke places scene 239,128,128,802e2ed3d0f533a9884f588794ab990419ff4ada243a2c6a084b0f41143f0def,1,
places2_752439f534e26c3a73464c8b,places2,data/raw_smoke/places2/images/train/places_000240.jpg,images/train/places_000240.jpg,smoke places scene 240,128,128,0fdb5c53cdf025a68ffe563099292beac564916bc73e396c33ecbd4a10555aae,1,
places2_0ac36713e2620cff3de1a74b,places2,data/raw_smoke/places2/images/train/places_000241.jpg,images/train/places_000241.jpg,smoke places scene 241,128,128,576d08ad9b5304843f8c823f5f4400bbac767767852fe39703b95094f373d31b,1,
places2_5bf5630a6d6f8e142c6cb64d,places2,data/raw_smoke/places2/images/train/places_000242.jpg,images/train/places_000242.jpg,smoke places scene 242,128,128,0a207b8a075456318dc8a1e77696e1aa3830fd344bcda4882e5a939fe8cb9288,1,
places2_70b06926b4b85903562dbefa,places2,data/raw_smoke/places2/images/train/places_000243.jpg,images/train/places_000243.jpg,smoke places scene 243,128,128,e07d8447994c5482b60c338f3c21ff5dee9dd193c0c4e92b3241d2953318c76b,1,
places2_34d7f030e18c88a8ee4cd16a,places2,data/raw_smoke/places2/images/train/places_000244.jpg,images/train/places_000244.jpg,smoke places scene 244,128,128,45d330fb2f57912629dddd096e770eca30e57f8772e21e90469b3df1bf4176e2,1,
places2_5f68c6c10cb72e670d0a14d2,places2,data/raw_smoke/places2/images/train/places_000245.jpg,images/train/places_000245.jpg,smoke places scene 245,128,128,132f5791bd77f75c686726af94e07e181a4fcac720f88ee4df7a793be81515b7,1,
places2_f639140ac07bea6f303e3e4e,places2,data/raw_smoke/places2/images/train/places_000246.jpg,images/train/places_000246.jpg,smoke places scene 246,128,128,bc88481591229851c4afcdb1bfbcf68ea60d809b77ddcb1e470993c5cbaeb811,1,
places2_813a1c8004610adfa0085362,places2,data/raw_smoke/places2/images/train/places_000247.jpg,images/train/places_000247.jpg,smoke places scene 247,128,128,ef37902f7f91f94cd7bb81d2d7c9947dc7ab0e7679f354423a4e00c8b279c137,1,
places2_689e15ddda82a3bd7a25b646,places2,data/raw_smoke/places2/images/train/places_000248.jpg,images/train/places_000248.jpg,smoke places scene 248,128,128,08ee0fcdc509812343662533ce87f903ce6dbeb26f3dac789505d6237be712b5,1,
places2_70af8e953df217550c643e5b,places2,data/raw_smoke/places2/images/train/places_000249.jpg,images/train/places_000249.jpg,smoke places scene 249,128,128,b0f23f5071e7796892b9574b9b182393d24fb49abda99016c0f04cc157294ee0,1,
places2_00736802fde72b431e549d0a,places2,data/raw_smoke/places2/images/train/places_000250.jpg,images/train/places_000250.jpg,smoke places scene 250,128,128,b46cf81231e1378f499fa9dc9e77a81cb8f1d7614765563a9260460061aafe11,1,
places2_a5a80f3bbe0da8795d2c6905,places2,data/raw_smoke/places2/images/train/places_000251.jpg,images/train/places_000251.jpg,smoke places scene 251,128,128,1f3124ba61a24ad77c236d30aacfaf863653bb1081758cdae796c2741f446de0,1,
places2_d4e9846745f3e4cde722f15d,places2,data/raw_smoke/places2/images/train/places_000252.jpg,images/train/places_000252.jpg,smoke places scene 252,128,128,1172debbcbc41aa62d5cca3880aa150d363cd7cc58790f3b52cceccbcfcb000f,1,
places2_4656ebbc58e12eff57d6c8f0,places2,data/raw_smoke/places2/images/train/places_000253.jpg,images/train/places_000253.jpg,smoke places scene 253,128,128,c9648ed4470e51858f4e5efb52ad7c24c7e5d527f0c9b376d2f65d4a36cd3109,1,
places2_cdc43d3859c4b6a39bf40923,places2,data/raw_smoke/places2/images/train/places_000254.jpg,images/train/places_000254.jpg,smoke places scene 254,128,128,29b673dc049adb1ca6971bb47603464904b5b650bae8dbe31c39af312a5778e2,1,
places2_86c3116f75964d4a181fd32b,places2,data/raw_smoke/places2/images/train/places_000255.jpg,images/train/places_000255.jpg,smoke places scene 255,128,128,773dd5cb8623fdd31c5edd007435b513d451b61aa350093ce73ea76d82c16e10,1,
places2_9ba6b5e23aae9fe1e0699a01,places2,data/raw_smoke/places2/images/train/places_000256.jpg,images/train/places_000256.jpg,smoke places scene 256,128,128,7b6ad6d7573f7d78e817b5042404dbd9f35a06547c0ff859e4328d892c64b921,1,
places2_5d006f878b91a4fb8f1cf01a,places2,data/raw_smoke/places2/images/train/places_000257.jpg,images/train/places_000257.jpg,smoke places scene 257,128,128,a73e501e6a9e430fbf8ded9853dd83a80c89c4fd0844c721a8e4e5645ddb1006,1,
places2_a6b76c33243fd13a7697d91d,places2,data/raw_smoke/places2/images/train/places_000258.jpg,images/train/places_000258.jpg,smoke places scene 258,128,128,64052b02b6310f2e87c74e4ebd4ed19703d2bad4c4601cbde3865fbe2a19659e,1,
places2_4f42deaaac6325c6920f1c3f,places2,data/raw_smoke/places2/images/train/places_000259.jpg,images/train/places_000259.jpg,smoke places scene 259,128,128,1cefbc5938019cd6d572ed6641d22b9d3c4e89ff98c1cb06c0429b15dc2a102c,1,
places2_7b2d0fb9c6ab2f38433a41cd,places2,data/raw_smoke/places2/images/train/places_000260.jpg,images/train/places_000260.jpg,smoke places scene 260,128,128,b2c4b3abef735bb39e0dd2fbf7d5d27fa5bcc4ee739c214b110d10a253c905c6,1,
places2_3a0061601580167cc33e6041,places2,data/raw_smoke/places2/images/train/places_000261.jpg,images/train/places_000261.jpg,smoke places scene 261,128,128,dcee4ee01b1ad9c2fd7411fef6c4465894a26d1e8ecc0cfbc90cd48c62eb02cd,1,
places2_c92d8f93f0cfd4de6303c544,places2,data/raw_smoke/places2/images/train/places_000262.jpg,images/train/places_000262.jpg,smoke places scene 262,128,128,45e510119851822c68e9f6b923608e77ec5133c5c27aa6032256a6e8957f0f7f,1,
places2_b3a6957c933a79a52706de51,places2,data/raw_smoke/places2/images/train/places_000263.jpg,images/train/places_000263.jpg,smoke places scene 263,128,128,109f199b1b3d6f3af7905ddb844edb6b3824fa4abaa80a07a512a1c040455642,1,
places2_3d4460cc39a69caf5585b915,places2,data/raw_smoke/places2/images/train/places_000264.jpg,images/train/places_000264.jpg,smoke places scene 264,128,128,629978fb0eea7b19234d959231bb26364167ee77be3391db87cc856813c8da48,1,
places2_959c3de4c7240254bd8b7298,places2,data/raw_smoke/places2/images/train/places_000265.jpg,images/train/places_000265.jpg,smoke places scene 265,128,128,d6a12d86568b5223e7b8702f6e8d757f51cf17d48f37a0f1f35bcc31b411208c,1,
places2_49cd2b4699a7576383759fd5,places2,data/raw_smoke/places2/images/train/places_000266.jpg,images/train/places_000266.jpg,smoke places scene 266,128,128,bd6005eedd38998344d4071236ec2dfb27fded694b334d5f87c01b46378c8cfe,1,
places2_7b70648aaf47985ae2f48b76,places2,data/raw_smoke/places2/images/train/places_000267.jpg,images/train/places_000267.jpg,smoke places scene 267,128,128,f08bd26a930b05a7662fff38959cc13cfe9f0f57a307a7c6ae98e7a9d86edd44,1,
places2_bf5c7e7e76aadf3c9698bab1,places2,data/raw_smoke/places2/images/train/places_000268.jpg,images/train/places_000268.jpg,smoke places scene 268,128,128,7876cd5c8070f4f6147f358dcd6c2f90eb70beeaec5bf4aa79bcd9d392e69474,1,
places2_7f257ef81224e71d1f557be7,places2,data/raw_smoke/places2/images/train/places_000269.jpg,images/train/places_000269.jpg,smoke places scene 269,128,128,59ccdb49165e4202b3202741c505b3f1076970061490ecd37f6137863c7c156a,1,
places2_3fbef9f0956e9180e9a5c7bb,places2,data/raw_smoke/places2/images/train/places_000270.jpg,images/train/places_000270.jpg,smoke places scene 270,128,128,01033f7480b410e11d19359418d24f9036742579c73882af011a2cec6ea49bce,1,
places2_0656f72d5b402646e81c6a80,places2,data/raw_smoke/places2/images/train/places_000271.jpg,images/train/places_000271.jpg,smoke places scene 271,128,128,001d4df9ba763544a20545a616dff743d0332021c2c1fc916f6df5c44ba27eea,1,
places2_2519dd09d1f83b85f3a91bd0,places2,data/raw_smoke/places2/images/train/places_000272.jpg,images/train/places_000272.jpg,smoke places scene 272,128,128,3ba4ba6a774f7963c54d8246e2d3c5bb399e8d03b3037effd043c14a77b11291,1,
places2_e33e483d76af247791709ec1,places2,data/raw_smoke/places2/images/train/places_000273.jpg,images/train/places_000273.jpg,smoke places scene 273,128,128,cea081b8c14b19f776037867ad955bf66b592f38f06abe9d91c64b8a57858367,1,
places2_90f37be1ba51edac9d8e1499,places2,data/raw_smoke/places2/images/train/places_000274.jpg,images/train/places_000274.jpg,smoke places scene 274,128,128,8c2a5db9cd9f7de39e766bf9633e659b79271eca8eb8d95e62bf033f1c3abbb8,1,
places2_eaac285f6e0135eac0389a86,places2,data/raw_smoke/places2/images/train/places_000275.jpg,images/train/places_000275.jpg,smoke places scene 275,128,128,dc25efd063230f9b6be0f6d14711536063896619409dd3992370a09e67222e2d,1,
places2_e8f36a0710aafa39493eac7f,places2,data/raw_smoke/places2/images/train/places_000276.jpg,images/train/places_000276.jpg,smoke places scene 276,128,128,587640d970efda641197ed0451a15874a647b3e2e28d854d629bad794235fc1f,1,
places2_7217c02444cff1daf6f896c9,places2,data/raw_smoke/places2/images/train/places_000277.jpg,images/train/places_000277.jpg,smoke places scene 277,128,128,66caa07cf844552dda830089f294d2c9c3c7acdf6d55eaa7553ff36410447c6f,1,
places2_f143aef3b9f7150b3e9d83bf,places2,data/raw_smoke/places2/images/train/places_000278.jpg,images/train/places_000278.jpg,smoke places scene 278,128,128,affaa681f599b5c33ce0524d400566513d03d5a4eea0695545fc045c6782250c,1,
places2_78800f46dcb6ab180e1144a3,places2,data/raw_smoke/places2/images/train/places_000279.jpg,images/train/places_000279.jpg,smoke places scene 279,128,128,5cc60dde1510d81689026f17553e7f3596bed7ba8a2228b0787f3d012f09bb4f,1,
places2_29d4f8d4beaf070b8028c7d8,places2,data/raw_smoke/places2/images/train/places_000280.jpg,images/train/places_000280.jpg,smoke places scene 280,128,128,b67597c3cb0c8e551a5342f5febe2bc58544f6ea4d71fd93afbb17c94c04c732,1,
places2_802a74029c569b794a787115,places2,data/raw_smoke/places2/images/train/places_000281.jpg,images/train/places_000281.jpg,smoke places scene 281,128,128,33242eb8c9919e21e08c3cf6857037393a075d9ef0f6d30bf75fefe750fefb7c,1,
places2_e96f8e987365a21a423e632f,places2,data/raw_smoke/places2/images/train/places_000282.jpg,images/train/places_000282.jpg,smoke places scene 282,128,128,c1c65c1d1afdf29437d4ed32251f01ff13f3f674103603b0cc52ef8811d83b16,1,
places2_e1c6001152bb440538409eb3,places2,data/raw_smoke/places2/images/train/places_000283.jpg,images/train/places_000283.jpg,smoke places scene 283,128,128,46e0d1f47b0242397e14b84518ef146e8cf1196fec1d7f6833791ca67a9cf6c0,1,
places2_ade63bd403e1cc8f756485be,places2,data/raw_smoke/places2/images/train/places_000284.jpg,images/train/places_000284.jpg,smoke places scene 284,128,128,81609ec7e15b0af8ced4677b382082d750a51f8fe314690f5663444e104ea0b7,1,
places2_dfda92a83821743cd76cd60c,places2,data/raw_smoke/places2/images/train/places_000285.jpg,images/train/places_000285.jpg,smoke places scene 285,128,128,420e65fce12e7ca6299e6d768b713b1f565ab730e376cae04227445da91ebc84,1,
places2_14f065fb3d1583669f3fd931,places2,data/raw_smoke/places2/images/train/places_000286.jpg,images/train/places_000286.jpg,smoke places scene 286,128,128,788b346c49258a8f214f999e45e3ae42450e79c43a54316d7b44e2138d7199b3,1,
places2_c01d8d1311394ae6f5f95d50,places2,data/raw_smoke/places2/images/train/places_000287.jpg,images/train/places_000287.jpg,smoke places scene 287,128,128,5f536eb7ac70df7512cd7258511aa0ba4c0f110dae865ef3a7e07a8819b7a567,1,
places2_789ffdd300e53c9dfa71c484,places2,data/raw_smoke/places2/images/train/places_000288.jpg,images/train/places_000288.jpg,smoke places scene 288,128,128,7e2468b93e0015095c16c614ed131155fbe11d7f7168ea1e1f0dbbc5bbe89cb4,1,
places2_8cdf9f923008ba43e1b910f2,places2,data/raw_smoke/places2/images/train/places_000289.jpg,images/train/places_000289.jpg,smoke places scene 289,128,128,15d540b5f35940949af40bd323ae46e115ef374b083ff4fc6a396f8078889c06,1,
places2_e22a30f64e2c4e7177230fbb,places2,data/raw_smoke/places2/images/train/places_000290.jpg,images/train/places_000290.jpg,smoke places scene 290,128,128,3303ed5a46000f18805ef8bffe66de96dacaec40097a426247667953d7dbb557,1,
places2_8d7e2b1acf20b02860f97cac,places2,data/raw_smoke/places2/images/train/places_000291.jpg,images/train/places_000291.jpg,smoke places scene 291,128,128,c56881e6d0ad63dc2d6ea591977999a45f5f4e3435a828ce7245da2188ec22b3,1,
places2_d9fa74fdead195896d174c18,places2,data/raw_smoke/places2/images/train/places_000292.jpg,images/train/places_000292.jpg,smoke places scene 292,128,128,e552e7590ceb8816e8688dcf26a510089b4816d76d416b030901b731fed1d75c,1,
places2_b3558c16056a9b2eaf9512b4,places2,data/raw_smoke/places2/images/train/places_000293.jpg,images/train/places_000293.jpg,smoke places scene 293,128,128,85903a945f441397094dd10b7fa45ee933ae05d0993801cee6e8b16964b27b61,1,
places2_bb940e47078dd7aba8e27faa,places2,data/raw_smoke/places2/images/train/places_000294.jpg,images/train/places_000294.jpg,smoke places scene 294,128,128,106914c81b351278449590ca44280607b3ce73f99ee7807803c513b9bd0c9058,1,
places2_8936567b0f44249a2071bcb0,places2,data/raw_smoke/places2/images/train/places_000295.jpg,images/train/places_000295.jpg,smoke places scene 295,128,128,0545778037cc873bddd0ea58f86da2b3fc6bf3a49916fe9828177218bb31e593,1,
places2_48175c783cbc9dd9874cccf9,places2,data/raw_smoke/places2/images/train/places_000296.jpg,images/train/places_000296.jpg,smoke places scene 296,128,128,80ceb7c64163db803235d0e0702733eb6cb28fe0a3b24fb6a071852d41c1b879,1,
places2_f365e286ae3d7305fd9eb4b8,places2,data/raw_smoke/places2/images/train/places_000297.jpg,images/train/places_000297.jpg,smoke places scene 297,128,128,cb04314abf065bb2781cdf2bd9218f087c5072067d1ce50fe10a8b1e6d8b9c77,1,
places2_45188d7de5d0f219d6e1b3fc,places2,data/raw_smoke/places2/images/train/places_000298.jpg,images/train/places_000298.jpg,smoke places scene 298,128,128,4ae785fc183448a1f463deffcaef055ce5537cf2ecb762282f1c75775f40513b,1,
places2_ce0e759ea97bef50a3628828,places2,data/raw_smoke/places2/images/train/places_000299.jpg,images/train/places_000299.jpg,smoke places scene 299,128,128,ee16bbc8523812e7a0db4ddea1e09079346142237fe6de9935d50b611524d96f,1,
places2_ec4ea662d475173fd91cd272,places2,data/raw_smoke/places2/images/train/places_000300.jpg,images/train/places_000300.jpg,smoke places scene 300,128,128,d4c128320cd9483af2d6e23b899eb9e9707fcb0ee1b2d11651ffa4746fee31d6,1,
places2_9476fc3008c93cbe7eb72a5c,places2,data/raw_smoke/places2/images/train/places_000301.jpg,images/train/places_000301.jpg,smoke places scene 301,128,128,37bdcf39e071221f642a66342ac3a6abf0ca04011d82642de080aaf53a864058,1,
places2_fb4546d1ab4ca6c354455342,places2,data/raw_smoke/places2/images/train/places_000302.jpg,images/train/places_000302.jpg,smoke places scene 302,128,128,501ddee2a80a66019c0960ff3ff44b958659e324c83ffc331adb58099d672694,1,
places2_608312bfb6af60130ec1f303,places2,data/raw_smoke/places2/images/train/places_000303.jpg,images/train/places_000303.jpg,smoke places scene 303,128,128,87eb8248d1be6bcbeb45938d6b40fc0b13e3dc05177b4209b43043e48f4438ca,1,
places2_5f8f3d0d17c9573bad444b54,places2,data/raw_smoke/places2/images/train/places_000304.jpg,images/train/places_000304.jpg,smoke places scene 304,128,128,b3bba1e449f6a2fee1ae941e7c27b26a8aa32968543e75d1c84fdab95a0f1015,1,
places2_15764a1bc40334b136118e55,places2,data/raw_smoke/places2/images/train/places_000305.jpg,images/train/places_000305.jpg,smoke places scene 305,128,128,c5417e689cf406704dab5d9ca431e6400c12fa86f5cf9fd33e2df27ba0e5050f,1,
places2_633148c11263fcc944c48ea4,places2,data/raw_smoke/places2/images/train/places_000306.jpg,images/train/places_000306.jpg,smoke places scene 306,128,128,5ffb90577eaf5168513663b2800064f9031e232052e9b0f8855bfd0945d37913,1,
places2_64fd00ff5cb869c629ee1e64,places2,data/raw_smoke/places2/images/train/places_000307.jpg,images/train/places_000307.jpg,smoke places scene 307,128,128,fb300b9fa0516758c1507a74623503f794014de82b45063f2c006c51a7df401b,1,
places2_1f1134917082ff5dc18df22f,places2,data/raw_smoke/places2/images/train/places_000308.jpg,images/train/places_000308.jpg,smoke places scene 308,128,128,9c59649bb7dc803f59da74ab4a466dd03a81bf1fe383688fd8a203ff7b101cff,1,
places2_0885a31690b277a0d6f853a2,places2,data/raw_smoke/places2/images/train/places_000309.jpg,images/train/places_000309.jpg,smoke places scene 309,128,128,b18dbb981b9308fa2194657b2bf69a4a40f00d1b610aa80888982a3af5293dfa,1,
places2_c1094949ad0404b856c0193d,places2,data/raw_smoke/places2/images/train/places_000310.jpg,images/train/places_000310.jpg,smoke places scene 310,128,128,9a32fcb4f892f8ba6127ec0387ca18895046d0bffa4c154c0abe57569e789edc,1,
places2_67f7814171a84a9236269be9,places2,data/raw_smoke/places2/images/train/places_000311.jpg,images/train/places_000311.jpg,smoke places scene 311,128,128,7828091f02cd4a569bbd3b279a3ab01b4ccc70675d1c709218e9058cc2d26e8e,1,
places2_776f83f1fc687bec336ee951,places2,data/raw_smoke/places2/images/train/places_000312.jpg,images/train/places_000312.jpg,smoke places scene 312,128,128,f7040b719ebcb95889fed24fc638024f605b8e4fe8a3ea23e3c5d017023867c9,1,
places2_f11ee8e6f850ea9ca1d064ba,places2,data/raw_smoke/places2/images/train/places_000313.jpg,images/train/places_000313.jpg,smoke places scene 313,128,128,6cabbc3811e668e015180b649e2de98b199a15485a9b1fa9b5284921cbb88ade,1,
places2_26ea84be7bf449d89021d931,places2,data/raw_smoke/places2/images/train/places_000314.jpg,images/train/places_000314.jpg,smoke places scene 314,128,128,f52258096d74dbbc7c2b8b42569b9ffabbd5bb6e59578e6cc213b4789ab4e679,1,
places2_9ba72f9bf720099b57924825,places2,data/raw_smoke/places2/images/train/places_000315.jpg,images/train/places_000315.jpg,smoke places scene 315,128,128,7847436c7254e1a300aad05b6490205200fea87496f28a4a81e5328d3fd46583,1,
places2_0152903025b6dcc502e36bd2,places2,data/raw_smoke/places2/images/train/places_000316.jpg,images/train/places_000316.jpg,smoke places scene 316,128,128,6c4b25a6f34e2278ff82eec82a705a86bd199dd8d7f4415d00063877d4a3604a,1,
places2_e36f99d6948de6813e70fd53,places2,data/raw_smoke/places2/images/train/places_000317.jpg,images/train/places_000317.jpg,smoke places scene 317,128,128,ff7b76c517369dc6e51f5a05182d30068b255c1ddb40300c8c8af829537756c3,1,
places2_8af4411f3b2549111fd79701,places2,data/raw_smoke/places2/images/train/places_000318.jpg,images/train/places_000318.jpg,smoke places scene 318,128,128,eae681ad6abedb6cecf7a07d3a7ad40517ab7dab7e7a2192b53620262e74eb11,1,
places2_0dfc1d662fbfedf6fb408fad,places2,data/raw_smoke/places2/images/train/places_000319.jpg,images/train/places_000319.jpg,smoke places scene 319,128,128,658c8a8c8111828b0717a0f51429492ad8e24b784e4c712832664ad3acc0427f,1,
places2_219c105aa3d09d9428fad56b,places2,data/raw_smoke/places2/images/train/places_000320.jpg,images/train/places_000320.jpg,smoke places scene 320,128,128,824d11b34c8951f31f60b562b4c4927f2ad881724d529aae4974a393ff11fdb0,1,
places2_7b9d2a627f95e2b7ea042e21,places2,data/raw_smoke/places2/images/train/places_000321.jpg,images/train/places_000321.jpg,smoke places scene 321,128,128,3dd9440a6d3bdf81928465566c1822ba6467c9664b9c12fe8920877671a7ba34,1,
places2_a88c4ba45767554088386d36,places2,data/raw_smoke/places2/images/train/places_000322.jpg,images/train/places_000322.jpg,smoke places scene 322,128,128,4affcec6b7b28e7a2f647b68f88bc8f99ae248c883923dd01f2400550c6ec9b9,1,
places2_16aeebfb7cf66c787ea3f5b0,places2,data/raw_smoke/places2/images/train/places_000323.jpg,images/train/places_000323.jpg,smoke places scene 323,128,128,83329fed35027d7967937b364cc3b82681565b52d341575fbe5659f166709d69,1,
places2_a25423b7e7eddb69e7f90bb8,places2,data/raw_smoke/places2/images/train/places_000324.jpg,images/train/places_000324.jpg,smoke places scene 324,128,128,214f207a043c5a51460c753f87004eb0035c47218d0f880374f3211b4b6162e6,1,
places2_c0a38ac26bb880e316ac40e1,places2,data/raw_smoke/places2/images/train/places_000325.jpg,images/train/places_000325.jpg,smoke places scene 325,128,128,4c1fadc302e56e2cfb05704a26bc3fb652a684ace6638a6743dfde1dbd38ebed,1,
places2_2f357476c8ad81efbdce19b0,places2,data/raw_smoke/places2/images/train/places_000326.jpg,images/train/places_000326.jpg,smoke places scene 326,128,128,4b057313157b2c63995fb68ec6b635518ea33aed1bf899289e2e6dfec442df42,1,
places2_4188be01b874f21d50e9d226,places2,data/raw_smoke/places2/images/train/places_000327.jpg,images/train/places_000327.jpg,smoke places scene 327,128,128,4dba14d00a880b0decce2b20267809a774db5bb91178e1c16feaee7de1353eb7,1,
places2_fd5f970c4507fc21bb107025,places2,data/raw_smoke/places2/images/train/places_000328.jpg,images/train/places_000328.jpg,smoke places scene 328,128,128,974a3fdb53cf125ed0f70eaeec8e5f3bd9b06dccd4dce75a92c981d7313028b9,1,
places2_51fdd38ac82823051e0d5503,places2,data/raw_smoke/places2/images/train/places_000329.jpg,images/train/places_000329.jpg,smoke places scene 329,128,128,a81236e7bf1164c4bc8a54fd6e5bf34dcb1ba08ec6b647cca3b89e10c5fe4705,1,
places2_57157d3448c5ab160f6cffc8,places2,data/raw_smoke/places2/images/train/places_000330.jpg,images/train/places_000330.jpg,smoke places scene 330,128,128,ac988d453886b91c3831a4bdee580c9d90349113f5d1eda8e992c788f7e74e1a,1,
places2_c79cba99946607b5ba1068b0,places2,data/raw_smoke/places2/images/train/places_000331.jpg,images/train/places_000331.jpg,smoke places scene 331,128,128,e265b033cdf5eac5464d2cf33e523f2eb33e1871bfd5105d98ac4f69d8d44e24,1,
places2_6ff984c0fc8b534f6f6ba5b4,places2,data/raw_smoke/places2/images/train/places_000332.jpg,images/train/places_000332.jpg,smoke places scene 332,128,128,7ae4450cf8b03b0ff69d4f92e003924952729a6018f02e500ddef7d806b14956,1,
places2_d9f91d72f4acdb6d0b3e4675,places2,data/raw_smoke/places2/images/train/places_000333.jpg,images/train/places_000333.jpg,smoke places scene 333,128,128,b3cffd7f81e2e3857023c3f6c2326dc1aee7eb5f6a2b0d4a353ad2fb6eb4ace0,1,
places2_468051775fde992bfbc6f7bc,places2,data/raw_smoke/places2/images/train/places_000334.jpg,images/train/places_000334.jpg,smoke places scene 334,128,128,9216c6160bb8672a59c09122392f5887e0217205a4a2196f0f330401c0bfcaaf,1,
places2_0975de6fb60e693449b546bf,places2,data/raw_smoke/places2/images/train/places_000335.jpg,images/train/places_000335.jpg,smoke places scene 335,128,128,65221b2590500657614a5228f0a327ea0222ab0e629fb1552993b5297a9459f6,1,
places2_a461e98dbd04f676604f6102,places2,data/raw_smoke/places2/images/train/places_000336.jpg,images/train/places_000336.jpg,smoke places scene 336,128,128,0b7fd021597fc347eae09bd95f92433c24d17bc13ae1b7ce39ddb28a1a192056,1,
places2_1065467c1e872c8859bf5ce4,places2,data/raw_smoke/places2/images/train/places_000337.jpg,images/train/places_000337.jpg,smoke places scene 337,128,128,56aedce50b0610620cc5b8b47597c7319a20378e119a93b8714e770fff8d57de,1,
places2_6122d3502d68b1e298a452f4,places2,data/raw_smoke/places2/images/train/places_000338.jpg,images/train/places_000338.jpg,smoke places scene 338,128,128,29c73ad0e4ff21436558be4de52db09f86710130111af4181819809bea432876,1,
places2_638b72ef80554f4dc5acd40d,places2,data/raw_smoke/places2/images/train/places_000339.jpg,images/train/places_000339.jpg,smoke places scene 339,128,128,418176dc370705cce74ca8a9e1b48c3df0131dc1c721519294091ce2d5ec5746,1,
places2_e62072f2fb474b5edd515568,places2,data/raw_smoke/places2/images/train/places_000340.jpg,images/train/places_000340.jpg,smoke places scene 340,128,128,b5d121aeeb74186d2c5c0516967690de2492e5715765a5fa4c9e4a1207989565,1,
places2_bae1ec154eb33ac256e2bb3b,places2,data/raw_smoke/places2/images/train/places_000341.jpg,images/train/places_000341.jpg,smoke places scene 341,128,128,67c5a5123e02629203a044a39216fa6fa01535e1aaf90b779fc1f9226793875c,1,
places2_fe71d7e7eabc83ee13a012d7,places2,data/raw_smoke/places2/images/train/places_000342.jpg,images/train/places_000342.jpg,smoke places scene 342,128,128,ac7c550eb068212861ff378e4b00e390eb5b041b143cc22aefe47b631eb69840,1,
places2_736f37525daed99dc1fe32be,places2,data/raw_smoke/places2/images/train/places_000343.jpg,images/train/places_000343.jpg,smoke places scene 343,128,128,9376d7839c24bbf15daefd33d57073201fc4cebe63ac4e229fa02ff2fb599952,1,
places2_0d4a92dc524cb7f21304032e,places2,data/raw_smoke/places2/images/train/places_000344.jpg,images/train/places_000344.jpg,smoke places scene 344,128,128,f8591bd3e00ff0adc28d7aea38561fdb0e272f31b5c0e9842f76818b704cb36f,1,
places2_b095d258859d459dda81124d,places2,data/raw_smoke/places2/images/train/places_000345.jpg,images/train/places_000345.jpg,smoke places scene 345,128,128,66edc46b26f84247346bd1893c0090e9fb3aee52d1dfe1592851d8ec5026571e,1,
places2_9d7e2e7f7eb7d5cff93983b2,places2,data/raw_smoke/places2/images/train/places_000346.jpg,images/train/places_000346.jpg,smoke places scene 346,128,128,f7de9d96036a08bec9e105d46f9341f343985530eadefbb1730cd686965fdb4d,1,
places2_b7a1f4dfbc373d35b151e2bc,places2,data/raw_smoke/places2/images/train/places_000347.jpg,images/train/places_000347.jpg,smoke places scene 347,128,128,cf782727d9ee128ae05d9ead69ce742115948bc042843093331fe98a7e4e961c,1,
places2_711cdb3d551d40407779f989,places2,data/raw_smoke/places2/images/train/places_000348.jpg,images/train/places_000348.jpg,smoke places scene 348,128,128,75df4fc9ac24c360caca5cdc633ea692ca670e6df9000780f019c9724e651606,1,
places2_68bea7d223ca48b2924271f4,places2,data/raw_smoke/places2/images/train/places_000349.jpg,images/train/places_000349.jpg,smoke places scene 349,128,128,1693ef852d075766b4a089bbcb30e129f0b7c2618cf5409cdfbbfdefb54c5c6b,1,
places2_30c991ac370d4ee143289e3e,places2,data/raw_smoke/places2/images/train/places_000350.jpg,images/train/places_000350.jpg,smoke places scene 350,128,128,14dfca6f9c89a7031107ec5b97381e6415edaadb15c5028b36beeeafa486e4f2,1,
places2_b9077dbafa540651ffab6b08,places2,data/raw_smoke/places2/images/train/places_000351.jpg,images/train/places_000351.jpg,smoke places scene 351,128,128,9b79deaf31fef9151154541dbb0a55d36c9b633c19f670c1aecdd0bd64e57cb1,1,
places2_7468531dba14d7a9ef939041,places2,data/raw_smoke/places2/images/train/places_000352.jpg,images/train/places_000352.jpg,smoke places scene 352,128,128,3d7f753cb9696d0be0dd17de466b27a849e3c2a7b5efcf40b91a46388de80d4b,1,
places2_991852e1afe5bfd17d69cb6f,places2,data/raw_smoke/places2/images/train/places_000353.jpg,images/train/places_000353.jpg,smoke places scene 353,128,128,dbb27c3810bb1107b3e199c8644e65692b1c20fe9770cd172303995ac8633fc8,1,
places2_e6fa22f749a4364de63d683f,places2,data/raw_smoke/places2/images/train/places_000354.jpg,images/train/places_000354.jpg,smoke places scene 354,128,128,18abeeecaf2c88e9074573c1f0b2edf9377dbbf81b185b4b67451302e8a47062,1,
places2_a521c6e422bf426214e0be7b,places2,data/raw_smoke/places2/images/train/places_000355.jpg,images/train/places_000355.jpg,smoke places scene 355,128,128,917d05f25969a99f647a0f0f7669a7d05d2911fd42f6517fd652e720f49d632c,1,
places2_4be1927ddada10d0639e4ad5,places2,data/raw_smoke/places2/images/train/places_000356.jpg,images/train/places_000356.jpg,smoke places scene 356,128,128,22327d66b2ef09cc480bc0fa065e38f6b494b9f26d9a285aeb928a8fe2bca6d4,1,
places2_e27a9b4e4497b07d2d731476,places2,data/raw_smoke/places2/images/train/places_000357.jpg,images/train/places_000357.jpg,smoke places scene 357,128,128,7e1e53d60711e00354e41d8b54ac0061630af15b76c27d7cccabbedbee8138e6,1,
places2_17f5da5741761f281ed9e4f8,places2,data/raw_smoke/places2/images/train/places_000358.jpg,images/train/places_000358.jpg,smoke places scene 358,128,128,3e77c0e6b0785a87ded78c84ac616ce19ef8d56d6884cd62577bfd1ad6e9951b,1,
places2_de1dca4ccb19ba48d0410f47,places2,data/raw_smoke/places2/images/train/places_000359.jpg,images/train/places_000359.jpg,smoke places scene 359,128,128,72b2c348b320e6cdac67026f4a69b67146b3f38b8844fffb95de63eb9789406b,1,
places2_b1e7d539d6067e249fea68dd,places2,data/raw_smoke/places2/images/train/places_000360.jpg,images/train/places_000360.jpg,smoke places scene 360,128,128,91aa1d0902beac7eda83373e2e6ede64cc83358f1162bfd3a5c6b8e4a89c6e7c,1,
places2_ea0e3b1ca708a76ee446c78a,places2,data/raw_smoke/places2/images/train/places_000361.jpg,images/train/places_000361.jpg,smoke places scene 361,128,128,9fb8ee2693992f2b275aa2244de7fa7caa714e6a9e4fe388d28f4c3b6911c9b7,1,
places2_5fb26b697b9b6cd59c28e6cc,places2,data/raw_smoke/places2/images/train/places_000362.jpg,images/train/places_000362.jpg,smoke places scene 362,128,128,b52a4ccba46170a6fb157d62ce10452ebe83928627616f5b928fc24e27688de6,1,
places2_1368fb91669fd1639c62a59b,places2,data/raw_smoke/places2/images/train/places_000363.jpg,images/train/places_000363.jpg,smoke places scene 363,128,128,bb6beee49df737e6d6bfe411d6dab0becbbb9a2645b4757be7b4e47a33dc6a8d,1,
places2_4f0c18455fd401b686801f6f,places2,data/raw_smoke/places2/images/train/places_000364.jpg,images/train/places_000364.jpg,smoke places scene 364,128,128,cf7881ad1aad3e8c5d75f31a7c925fd01e94b8551568f989a0ea981dd2f785a2,1,
places2_54915c3a6cdf87322650ecc6,places2,data/raw_smoke/places2/images/train/places_000365.jpg,images/train/places_000365.jpg,smoke places scene 365,128,128,835bd006a08eda46009d1ee2d320fb5b9debeb4f63bf8a8c285313be80594a3f,1,
places2_2d9f58eb549418213de5b155,places2,data/raw_smoke/places2/images/train/places_000366.jpg,images/train/places_000366.jpg,smoke places scene 366,128,128,150015678d85bfc3b0beb33071633f7bf35ee0c4cf9b9cbf175d7fa461566989,1,
places2_4af49e035da15f9a2c00642f,places2,data/raw_smoke/places2/images/train/places_000367.jpg,images/train/places_000367.jpg,smoke places scene 367,128,128,af1dc9bbe00b1c2e46f1ef5c908d7fd066a162caca9d8309319a74e3ef85c7f3,1,
places2_edec32f46acae94d00c47aaf,places2,data/raw_smoke/places2/images/train/places_000368.jpg,images/train/places_000368.jpg,smoke places scene 368,128,128,c01199167eb0c6e0571b28d18909396f4fbb6110c6361f2741b7e4d1e43ffe1a,1,
places2_08aa0f04aa53d2a15cd65cae,places2,data/raw_smoke/places2/images/train/places_000369.jpg,images/train/places_000369.jpg,smoke places scene 369,128,128,0fd6eb5912528a5a559c2f40cde9bcf82c6c171731b773b08683e6db9c784ead,1,
places2_cc8443fd0f7b978ce254117d,places2,data/raw_smoke/places2/images/train/places_000370.jpg,images/train/places_000370.jpg,smoke places scene 370,128,128,dee5822ebc1090c5b7aa3ba5019b8f2a01f643a57c30154a283c44b46427c9d9,1,
places2_bcfa6d2801cc5dc31abefcbc,places2,data/raw_smoke/places2/images/train/places_000371.jpg,images/train/places_000371.jpg,smoke places scene 371,128,128,c4f08e04d770c3d63eb5c2e2b8cbc8ddaaf0af1108ffdcb17adc7407361a5275,1,
places2_7197eba661bceca1c141680a,places2,data/raw_smoke/places2/images/train/places_000372.jpg,images/train/places_000372.jpg,smoke places scene 372,128,128,1c7ed0d7e961e6dfa3765777c84e06d00d5926076fb2bd313e5f2a6843e3cdcf,1,
places2_31fbdb26a1988b3df31d2510,places2,data/raw_smoke/places2/images/train/places_000373.jpg,images/train/places_000373.jpg,smoke places scene 373,128,128,46b996aeda0ffd9c9ba1e60d86b5e2062a1ede63d020b38d4089b58970fb24f0,1,
places2_f2080e985b1f59f79e14fb34,places2,data/raw_smoke/places2/images/train/places_000374.jpg,images/train/places_000374.jpg,smoke places scene 374,128,128,e0cefec6ab5fdffbd1edcabcfcab6a08cd42a55a2aca5b04ec73697b9e83a4de,1,
places2_df1382547d660d6aad413deb,places2,data/raw_smoke/places2/images/train/places_000375.jpg,images/train/places_000375.jpg,smoke places scene 375,128,128,088537c6cb6f50831099000e1e08c25ca14d9ada0c834f237022121d0ca9f8ba,1,
places2_040552852943d6655772162a,places2,data/raw_smoke/places2/images/train/places_000376.jpg,images/train/places_000376.jpg,smoke places scene 376,128,128,1e177ffc903bf97ff64485894a61b48a8cd64c23f5c6195254413fecbf896c29,1,
places2_b48d63e4aced36e558818f42,places2,data/raw_smoke/places2/images/train/places_000377.jpg,images/train/places_000377.jpg,smoke places scene 377,128,128,7430632da40b0fad218a672e8ab284bb400bfabae51c190ad7fd0172aa943c56,1,
places2_f4d51a89ffb9896038de66ba,places2,data/raw_smoke/places2/images/train/places_000378.jpg,images/train/places_000378.jpg,smoke places scene 378,128,128,7239152dcb0a456cc9d4c0109126cb16bd54d46a7d856a395e03ff1d99b54f89,1,
places2_8d73f4d21a3490a386a53c4b,places2,data/raw_smoke/places2/images/train/places_000379.jpg,images/train/places_000379.jpg,smoke places scene 379,128,128,c0492417e969fe48223056c4f56e87fddf66f0c589bee5a30d95ba7175de981d,1,
places2_3de5e5a7dfdfe2295d65b461,places2,data/raw_smoke/places2/images/train/places_000380.jpg,images/train/places_000380.jpg,smoke places scene 380,128,128,82f31c0b35b0fd6363c954db7732379c7609b8bdc04c8ee248c094450daaa1d1,1,
places2_f506fe40129fa9b6c938c4fe,places2,data/raw_smoke/places2/images/train/places_000381.jpg,images/train/places_000381.jpg,smoke places scene 381,128,128,380eb49502cb6709a2902cca1a3dd8896e14446e933c85140d352e0290b2a0a6,1,
places2_569f936f7f6851b6b83a6bd6,places2,data/raw_smoke/places2/images/train/places_000382.jpg,images/train/places_000382.jpg,smoke places scene 382,128,128,7f30edf717abb6b2948214ddca6b20260475a505d18ce75fc94733d8dab4a3fd,1,
places2_ba5b07fd4bb4ba4d171a8ca4,places2,data/raw_smoke/places2/images/train/places_000383.jpg,images/train/places_000383.jpg,smoke places scene 383,128,128,36c81262bf4c8bfcf4e5a0c9b95e5b896a2ed0498ae6bf2e841ad0956101236b,1,
places2_b84e5843239a9e3f354617c1,places2,data/raw_smoke/places2/images/train/places_000384.jpg,images/train/places_000384.jpg,smoke places scene 384,128,128,87cf43dd0727bdb99ab8450efc0a33e12f8908c4764cc443b7944d90a2cf0c59,1,
places2_ae8d8d840f61809aae26644e,places2,data/raw_smoke/places2/images/train/places_000385.jpg,images/train/places_000385.jpg,smoke places scene 385,128,128,8d9e397fd92fe5058b97b2b3ae19c0cbc381a8b20346c039f78ebe4411ee8959,1,
places2_c4ef42159b7d7c6d11d6f6b2,places2,data/raw_smoke/places2/images/train/places_000386.jpg,images/train/places_000386.jpg,smoke places scene 386,128,128,4134a0a0ed5bcb90b672f99c08ebf579113136f6abc6ca40966ea59a4581f23e,1,
places2_f5e0e4f54b7a39fb96c767d9,places2,data/raw_smoke/places2/images/train/places_000387.jpg,images/train/places_000387.jpg,smoke places scene 387,128,128,907ed5635e2324a5a1cde8597822c90ac24ca433faca570d0e908c71e2722a2c,1,
places2_1eb581be2a53041f37267988,places2,data/raw_smoke/places2/images/train/places_000388.jpg,images/train/places_000388.jpg,smoke places scene 388,128,128,48765859359e1782b8192e6235588a3843f33aeb891d44eace5bf5710858bb76,1,
places2_62081050890b100e215cae88,places2,data/raw_smoke/places2/images/train/places_000389.jpg,images/train/places_000389.jpg,smoke places scene 389,128,128,160a88eebaafaf70d2d8397ab94d0118a86eed88099fb92045c280f47a198263,1,
places2_2b0f3dbabc1fff4bbc950227,places2,data/raw_smoke/places2/images/train/places_000390.jpg,images/train/places_000390.jpg,smoke places scene 390,128,128,b219b4d0233358a673853cd885cde604f922a92dc6ad008005d98e06998879f3,1,
places2_87d8123290c9929990891697,places2,data/raw_smoke/places2/images/train/places_000391.jpg,images/train/places_000391.jpg,smoke places scene 391,128,128,50bf1c39bc8a4aeb546aa6175aa35fa9e806dd1b5effc1682a126796bb635a73,1,
places2_fd0f5f65272b2e2d4f0ce607,places2,data/raw_smoke/places2/images/train/places_000392.jpg,images/train/places_000392.jpg,smoke places scene 392,128,128,a735b6b0b5dddcfec1df08b998f8913ef7a502146012043e86e57c38aeb68003,1,
places2_e9dc28498bb126833b30692b,places2,data/raw_smoke/places2/images/train/places_000393.jpg,images/train/places_000393.jpg,smoke places scene 393,128,128,ca4329946e2ead3fbac9393d2c5697ce045bae40a0c170423f1845b7e8812225,1,
places2_fa50535a453c64664c457668,places2,data/raw_smoke/places2/images/train/places_000394.jpg,images/train/places_000394.jpg,smoke places scene 394,128,128,d301247a5758cb556a8b4f4786f32d6b6a4ffcd2b2a6e92bbdbc7a7c745dedb4,1,
places2_eed18583cf82521e49c1b243,places2,data/raw_smoke/places2/images/train/places_000395.jpg,images/train/places_000395.jpg,smoke places scene 395,128,128,aa393ff761952db26ed99dde6aa2bbb538b9fc9ff5ad9804530d1b96960ee274,1,
places2_a3f5d97b31804c3aca02a682,places2,data/raw_smoke/places2/images/train/places_000396.jpg,images/train/places_000396.jpg,smoke places scene 396,128,128,8bb04d341b401c0123b2e72e0722b6fef7dfbdf3202797b8fa6630e164604633,1,
places2_db3590ab7f74aa5b42b48833,places2,data/raw_smoke/places2/images/train/places_000397.jpg,images/train/places_000397.jpg,smoke places scene 397,128,128,cdc373bb0f21ab6901ddb0207f2fd4c2676dd5054a7e88ab3230509878e6062c,1,
places2_71db025832163915da98d365,places2,data/raw_smoke/places2/images/train/places_000398.jpg,images/train/places_000398.jpg,smoke places scene 398,128,128,4a1023cb8ea52270435abb5594ed1149938567c94a33a0ae760801fa089d8c7a,1,
places2_a47148a761a45b3420523ff6,places2,data/raw_smoke/places2/images/train/places_000399.jpg,images/train/places_000399.jpg,smoke places scene 399,128,128,06df08cca7113269de6d69b67638cb0fe912865a91a1d291dc831cdb58907ac5,1,
